Time,Month,ClimateRegionName,ClimateRegionIndex,NumSites,ppt,airtemp,avgNPPtc,avgResp,avgNEE,Ndep,StreamN,
10, 7, eco2, 1, 10, 12.1, 21.1, 5.98, 29.86, 23.88, 0.28, 0, 
10, 7, eco3, 2, 9902, 9.5, 23.2, 86.72, 32.48, -54.24, 0.28, 0, 
10, 7, eco4, 3, 6583, 11.4, 22.3, 56.36, 28.33, -28.02, 0.28, 0, 
10, 7, eco5, 4, 14637, 12, 20.4, 16.84, 30.19, 13.35, 0.28, 0, 
10, 8, eco2, 1, 10, 12.5, 18.8, 3.58, 25.68, 22.1, 0.28, 0, 
10, 8, eco3, 2, 9902, 23.5, 21, 35.59, 31.73, -3.87, 0.3, 0.07, 
10, 8, eco4, 3, 6583, 17.3, 20.2, 12.68, 25.84, 13.16, 0.29, 0.04, 
10, 8, eco5, 4, 14637, 24.3, 18.4, 11.4, 26.45, 15.05, 0.3, 0.26, 
10, 9, eco2, 1, 10, 7.1, 17.5, 2.44, 22.37, 19.93, 0.27, 0, 
10, 9, eco3, 2, 9902, 13.3, 19.8, 5.14, 29.95, 24.81, 0.28, 0.01, 
10, 9, eco4, 3, 6583, 9.9, 19, 2.12, 23.86, 21.74, 0.28, 0, 
10, 9, eco5, 4, 14637, 14.9, 17.4, 8.36, 24.74, 16.38, 0.29, 0.01, 
10, 10, eco2, 1, 10, 9.3, 9.7, 0.01, 12.89, 12.88, 0.28, 0, 
10, 10, eco3, 2, 9902, 10.1, 12.2, 0.79, 18.24, 17.45, 0.28, 0, 
10, 10, eco4, 3, 6583, 8.6, 11.2, 0.3, 14.4, 14.1, 0.28, 0, 
10, 10, eco5, 4, 14637, 10.3, 10.1, 0.04, 15.41, 15.37, 0.28, 0, 
10, 11, eco2, 1, 10, 19.3, 6.4, 0, 9.24, 9.24, 0.29, 0.21, 
10, 11, eco3, 2, 9902, 28.8, 8.7, 0, 14.28, 14.28, 0.31, 0.27, 
10, 11, eco4, 3, 6583, 20.2, 7.8, 0, 11.19, 11.19, 0.29, 0.14, 
10, 11, eco5, 4, 14637, 30.9, 6.7, 0, 12.26, 12.26, 0.31, 0.55, 
10, 12, eco2, 1, 10, 10.5, 0.9, 0, 5.94, 5.94, 0.28, 0, 
10, 12, eco3, 2, 9902, 18.8, 3.7, 0, 10.41, 10.41, 0.29, 0, 
10, 12, eco4, 3, 6583, 14.7, 2.6, 0, 7.93, 7.93, 0.29, 0, 
10, 12, eco5, 4, 14637, 22.7, 2, 0, 9.22, 9.22, 0.3, 0, 
10, 1, eco2, 1, 10, 8.8, 1.4, 0, 6.2, 6.2, 0.28, 0, 
10, 1, eco3, 2, 9902, 10.5, 4, 0, 10.57, 10.57, 0.28, 0.06, 
10, 1, eco4, 3, 6583, 9.3, 2.9, 0, 8.11, 8.11, 0.28, 0.01, 
10, 1, eco5, 4, 14637, 12.2, 1.8, 0, 9.13, 9.13, 0.28, 0.04, 
10, 2, eco2, 1, 10, 8.5, 3.6, 0, 7.39, 7.39, 0.28, 0, 
10, 2, eco3, 2, 9902, 15.9, 6.7, 0, 12.52, 12.52, 0.29, 0.28, 
10, 2, eco4, 3, 6583, 11.4, 5.5, 0, 9.6, 9.6, 0.28, 0.13, 
10, 2, eco5, 4, 14637, 17.3, 4.4, 0, 10.63, 10.63, 0.29, 0.42, 
10, 3, eco2, 1, 10, 9.2, 4.4, 0, 7.81, 7.81, 0.28, 0.06, 
10, 3, eco3, 2, 9902, 15, 7.8, 0, 13.41, 13.41, 0.29, 0.22, 
10, 3, eco4, 3, 6583, 11.9, 6.4, 0, 10.15, 10.15, 0.28, 0.13, 
10, 3, eco5, 4, 14637, 17.7, 5.2, 0, 11.11, 11.11, 0.29, 0.45, 
10, 4, eco2, 1, 10, 13.9, 9.5, 0, 11.93, 11.93, 0.28, 0.22, 
10, 4, eco3, 2, 9902, 10.5, 12.6, 1.81, 18.18, 16.37, 0.28, 0.05, 
10, 4, eco4, 3, 6583, 10.7, 11.4, 0.39, 14.11, 13.72, 0.28, 0.2, 
10, 4, eco5, 4, 14637, 12.3, 10.1, 0.04, 15.1, 15.06, 0.28, 0.4, 
10, 5, eco2, 1, 10, 15.5, 12.7, 1.3, 15.29, 13.99, 0.29, 0.13, 
10, 5, eco3, 2, 9902, 12, 15.4, 7.18, 21.64, 14.46, 0.28, 0.04, 
10, 5, eco4, 3, 6583, 13.5, 14.3, 5.23, 17.01, 11.78, 0.28, 0.07, 
10, 5, eco5, 4, 14637, 14.7, 12.8, 2.73, 17.88, 15.15, 0.29, 0.05, 
10, 6, eco2, 1, 10, 17.9, 16.8, 5.32, 20.57, 15.26, 0.29, 0.13, 
10, 6, eco3, 2, 9902, 16.8, 19.3, 9.71, 27.37, 17.67, 0.29, 0.06, 
10, 6, eco4, 3, 6583, 14.7, 18.4, 8.41, 21.83, 13.41, 0.29, 0.06, 
10, 6, eco5, 4, 14637, 17.6, 16.7, 10.41, 22.8, 12.4, 0.29, 0.19, 
20, 7, eco2, 1, 10, 11.5, 20.4, 3.43, 9.03, 5.6, 0.28, 0, 
20, 7, eco3, 2, 9902, 14.3, 22.9, 165.31, 30.25, -135.06, 0.29, 0, 
20, 7, eco4, 3, 6583, 13.9, 22, 75.04, 20.53, -54.52, 0.28, 0, 
20, 7, eco5, 4, 14637, 16.9, 20.1, 17.97, 20.01, 2.04, 0.29, 0.01, 
20, 8, eco2, 1, 10, 9, 19, 2.61, 7.87, 5.26, 0.28, 0, 
20, 8, eco3, 2, 9902, 11.5, 21.7, 61.39, 27.33, -34.07, 0.28, 0, 
20, 8, eco4, 3, 6583, 10.4, 20.8, 17.91, 18.37, 0.46, 0.28, 0, 
20, 8, eco5, 4, 14637, 11.8, 19.1, 13.59, 18.51, 4.92, 0.28, 0, 
20, 9, eco2, 1, 10, 29.5, 17.2, 5.26, 7.57, 2.31, 0.31, 0.14, 
20, 9, eco3, 2, 9902, 41.2, 19.7, 3.64, 27.02, 23.38, 0.33, 0.13, 
20, 9, eco4, 3, 6583, 30.8, 18.8, 1.86, 17.64, 15.79, 0.31, 0.12, 
20, 9, eco5, 4, 14637, 37.8, 17.4, 7.61, 16.55, 8.94, 0.32, 0.27, 
20, 10, eco2, 1, 10, 7.2, 13.4, 2.69, 5.62, 2.93, 0.27, 0, 
20, 10, eco3, 2, 9902, 4.6, 16, 3.23, 20.83, 17.59, 0.27, 0, 
20, 10, eco4, 3, 6583, 6.1, 15.1, 3.84, 13.81, 9.97, 0.27, 0, 
20, 10, eco5, 4, 14637, 5.8, 14.2, 5.9, 13.47, 7.58, 0.27, 0, 
20, 11, eco2, 1, 10, 9.2, 9, 0, 3.96, 3.96, 0.28, 0, 
20, 11, eco3, 2, 9902, 18.3, 11.3, 0.48, 15.66, 15.17, 0.29, 0.03, 
20, 11, eco4, 3, 6583, 14.5, 10.4, 0.08, 10.15, 10.07, 0.29, 0.01, 
20, 11, eco5, 4, 14637, 19.5, 9.5, 0.01, 9.98, 9.97, 0.29, 0.03, 
20, 12, eco2, 1, 10, 8.7, 1.7, 0, 2.31, 2.31, 0.28, 0, 
20, 12, eco3, 2, 9902, 15.2, 4.2, 0, 10.02, 10.02, 0.29, 0, 
20, 12, eco4, 3, 6583, 11.7, 3.1, 0, 6.36, 6.36, 0.28, 0, 
20, 12, eco5, 4, 14637, 16.2, 2.2, 0, 6.36, 6.36, 0.29, 0, 
20, 1, eco2, 1, 10, 4.7, -0.3, 0, 0.06, 0.06, 0.27, 0, 
20, 1, eco3, 2, 9902, 6.2, 3.4, 0, 9.49, 9.49, 0.27, 0, 
20, 1, eco4, 3, 6583, 5.8, 1.8, 0, 5.91, 5.91, 0.27, 0, 
20, 1, eco5, 4, 14637, 7.6, 1.2, 0, 6.04, 6.04, 0.27, 0, 
20, 2, eco2, 1, 10, 8.7, 0.4, 0, 2.1, 2.1, 0.28, 0, 
20, 2, eco3, 2, 9902, 12.8, 3.6, 0, 9.61, 9.61, 0.28, 0.01, 
20, 2, eco4, 3, 6583, 10.2, 2.5, 0, 6.14, 6.14, 0.28, 0, 
20, 2, eco5, 4, 14637, 12.5, 1.7, 0, 6.2, 6.2, 0.28, 0, 
20, 3, eco2, 1, 10, 4.4, 7, 0, 3.42, 3.42, 0.27, 0, 
20, 3, eco3, 2, 9902, 5.3, 10.4, 0.08, 14.61, 14.53, 0.27, 0.05, 
20, 3, eco4, 3, 6583, 6.8, 9.1, 0, 9.27, 9.26, 0.27, 0.06, 
20, 3, eco5, 4, 14637, 8.1, 7.9, 0, 9.05, 9.05, 0.28, 0.12, 
20, 4, eco2, 1, 10, 13, 10.2, 0.03, 4.34, 4.31, 0.28, 0.11, 
20, 4, eco3, 2, 9902, 10.3, 13.2, 2.84, 17.38, 14.54, 0.28, 0.01, 
20, 4, eco4, 3, 6583, 10.5, 11.9, 0.76, 11.01, 10.25, 0.28, 0.05, 
20, 4, eco5, 4, 14637, 11.4, 10.7, 0.14, 10.69, 10.55, 0.28, 0.15, 
20, 5, eco2, 1, 10, 9, 17.5, 5.99, 7.37, 1.38, 0.28, 0, 
20, 5, eco3, 2, 9902, 9.2, 19.5, 8.95, 25.5, 16.55, 0.28, 0, 
20, 5, eco4, 3, 6583, 9.2, 18.8, 8.06, 16.82, 8.75, 0.28, 0, 
20, 5, eco5, 4, 14637, 10.4, 16.9, 10.31, 15.82, 5.51, 0.28, 0, 
20, 6, eco2, 1, 10, 20.2, 19.2, 5.08, 8.11, 3.03, 0.29, 0.08, 
20, 6, eco3, 2, 9902, 17.8, 21.8, 57.2, 29.24, -27.97, 0.29, 0.03, 
20, 6, eco4, 3, 6583, 17.1, 20.9, 18.6, 19.04, 0.44, 0.29, 0.04, 
20, 6, eco5, 4, 14637, 18, 19.2, 11.23, 18.05, 6.82, 0.29, 0.03, 
30, 7, eco2, 1, 10, 7.5, 23, 0, 2.2, 2.2, 0.27, 0, 
30, 7, eco3, 2, 9902, 6.4, 25.4, 33.79, 26.58, -7.21, 0.27, 0, 
30, 7, eco4, 3, 6583, 7.2, 24.3, 26.92, 18.59, -8.32, 0.27, 0, 
30, 7, eco5, 4, 14637, 8.4, 22.4, 79.92, 19.39, -60.53, 0.28, 0, 
30, 8, eco2, 1, 10, 8.9, 20.4, 0, 2.09, 2.09, 0.28, 0, 
30, 8, eco3, 2, 9902, 8.7, 23.1, 60.78, 26.46, -34.32, 0.28, 0, 
30, 8, eco4, 3, 6583, 9.6, 22, 46.64, 18.32, -28.33, 0.28, 0, 
30, 8, eco5, 4, 14637, 12, 20.2, 18.11, 17.56, -0.55, 0.28, 0, 
30, 9, eco2, 1, 10, 9.5, 18, 0, 2.08, 2.08, 0.28, 0, 
30, 9, eco3, 2, 9902, 8.5, 20.6, 10.97, 27.22, 16.25, 0.28, 0, 
30, 9, eco4, 3, 6583, 8.7, 19.3, 2.15, 17.54, 15.39, 0.28, 0, 
30, 9, eco5, 4, 14637, 12.5, 17.7, 3.42, 15.76, 12.34, 0.28, 0, 
30, 10, eco2, 1, 10, 3.3, 10.5, 0, 1.19, 1.19, 0.27, 0, 
30, 10, eco3, 2, 9902, 5.5, 13.5, 1.27, 18.41, 17.14, 0.27, 0, 
30, 10, eco4, 3, 6583, 4.1, 12.2, 1.08, 11.48, 10.4, 0.27, 0, 
30, 10, eco5, 4, 14637, 5.4, 11.2, 0.35, 10.4, 10.05, 0.27, 0, 
30, 11, eco2, 1, 10, 8.4, 5.7, 0, 0.76, 0.76, 0.28, 0, 
30, 11, eco3, 2, 9902, 12.6, 7.8, 0, 12.79, 12.79, 0.28, 0.01, 
30, 11, eco4, 3, 6583, 10.4, 7, 0, 8.19, 8.19, 0.28, 0, 
30, 11, eco5, 4, 14637, 15, 5.8, 0, 7.39, 7.39, 0.29, 0, 
30, 12, eco2, 1, 10, 12.7, 0.6, 0, 0.51, 0.51, 0.28, 0, 
30, 12, eco3, 2, 9902, 12.4, 3.6, 0, 9.81, 9.81, 0.28, 0, 
30, 12, eco4, 3, 6583, 13.1, 2.4, 0, 6.15, 6.15, 0.28, 0, 
30, 12, eco5, 4, 14637, 16.1, 1.5, 0, 5.73, 5.73, 0.29, 0, 
30, 1, eco2, 1, 10, 9.8, 3.5, 0, 0.63, 0.63, 0.28, 0, 
30, 1, eco3, 2, 9902, 18.5, 6.2, 0, 11.45, 11.45, 0.29, 0.1, 
30, 1, eco4, 3, 6583, 12.7, 5.3, 0, 7.33, 7.33, 0.28, 0.01, 
30, 1, eco5, 4, 14637, 19.6, 4.6, 0, 6.84, 6.84, 0.29, 0.03, 
30, 2, eco2, 1, 10, 7.5, 0.5, 0, 0.51, 0.51, 0.27, 0, 
30, 2, eco3, 2, 9902, 9.9, 3.7, 0, 9.8, 9.8, 0.28, 0, 
30, 2, eco4, 3, 6583, 8.2, 2.4, 0, 6.13, 6.13, 0.28, 0.01, 
30, 2, eco5, 4, 14637, 12.2, 1.3, 0, 5.65, 5.65, 0.28, 0.03, 
30, 3, eco2, 1, 10, 19.2, 2.5, 0, 0.57, 0.57, 0.29, 0.1, 
30, 3, eco3, 2, 9902, 18.4, 5.6, 0, 11, 11, 0.29, 0.15, 
30, 3, eco4, 3, 6583, 17.2, 4.3, 0, 6.85, 6.85, 0.29, 0.07, 
30, 3, eco5, 4, 14637, 19.9, 3, 0, 6.22, 6.22, 0.29, 0.15, 
30, 4, eco2, 1, 10, 9.8, 8.6, 0, 0.96, 0.96, 0.28, 0.13, 
30, 4, eco3, 2, 9902, 11.4, 11.4, 0.4, 15.7, 15.3, 0.28, 0.11, 
30, 4, eco4, 3, 6583, 9.8, 10.3, 0.05, 9.94, 9.89, 0.28, 0.13, 
30, 4, eco5, 4, 14637, 12.2, 9, 0, 8.91, 8.91, 0.28, 0.21, 
30, 5, eco2, 1, 10, 9.9, 15, 0, 1.61, 1.61, 0.28, 0.05, 
30, 5, eco3, 2, 9902, 10.5, 17.2, 7.63, 22.47, 14.84, 0.28, 0, 
30, 5, eco4, 3, 6583, 9, 16.2, 7.48, 14.31, 6.82, 0.28, 0, 
30, 5, eco5, 4, 14637, 11.7, 14.5, 6.84, 12.58, 5.74, 0.28, 0.02, 
30, 6, eco2, 1, 10, 3.4, 18.8, 0, 1.64, 1.64, 0.27, 0, 
30, 6, eco3, 2, 9902, 6, 21.6, 24.67, 25.82, 1.15, 0.27, 0, 
30, 6, eco4, 3, 6583, 5.6, 20.5, 6.56, 16.06, 9.49, 0.27, 0, 
30, 6, eco5, 4, 14637, 7.3, 18.9, 8.42, 16.1, 7.68, 0.27, 0, 
40, 7, eco2, 1, 10, 11.8, 19.6, 0, 1.32, 1.32, 0.28, 0, 
40, 7, eco3, 2, 9902, 10.7, 23.1, 110.05, 28.87, -81.18, 0.28, 0, 
40, 7, eco4, 3, 6583, 10.4, 21.7, 39.63, 18.95, -20.68, 0.28, 0, 
40, 7, eco5, 4, 14637, 13, 20.1, 15.44, 15.07, -0.37, 0.28, 0, 
40, 8, eco2, 1, 10, 19.3, 19.4, 0, 1.32, 1.32, 0.29, 0.05, 
40, 8, eco3, 2, 9902, 17.8, 22.3, 115.4, 30.3, -85.1, 0.29, 0.01, 
40, 8, eco4, 3, 6583, 17.1, 21.2, 35.6, 19.44, -16.16, 0.29, 0.01, 
40, 8, eco5, 4, 14637, 18.7, 19.4, 14.37, 14.43, 0.06, 0.29, 0.01, 
40, 9, eco2, 1, 10, 12.9, 15.6, 0, 0.95, 0.95, 0.28, 0, 
40, 9, eco3, 2, 9902, 18.4, 19, 0.9, 26.71, 25.81, 0.29, 0.02, 
40, 9, eco4, 3, 6583, 14.8, 17.7, 1.48, 16.16, 14.67, 0.29, 0.01, 
40, 9, eco5, 4, 14637, 20.9, 16.2, 6.52, 11.78, 5.26, 0.3, 0.06, 
40, 10, eco2, 1, 10, 4.2, 10.7, 0, 0.63, 0.63, 0.27, 0, 
40, 10, eco3, 2, 9902, 4, 13.7, 3.21, 18.96, 15.75, 0.27, 0, 
40, 10, eco4, 3, 6583, 4.1, 12.7, 2.09, 11.67, 9.58, 0.27, 0, 
40, 10, eco5, 4, 14637, 5.2, 11.7, 0.73, 8.81, 8.08, 0.27, 0, 
40, 11, eco2, 1, 10, 12.2, 3.1, 0, 0.31, 0.31, 0.28, 0, 
40, 11, eco3, 2, 9902, 12.3, 7.1, 0, 12.45, 12.45, 0.28, 0, 
40, 11, eco4, 3, 6583, 12.5, 5.7, 0, 7.48, 7.48, 0.28, 0, 
40, 11, eco5, 4, 14637, 16, 4.9, 0, 5.77, 5.77, 0.29, 0, 
40, 12, eco2, 1, 10, 11.9, 1.8, 0, 0.28, 0.28, 0.28, 0, 
40, 12, eco3, 2, 9902, 17.3, 4.9, 0, 10.82, 10.82, 0.29, 0.01, 
40, 12, eco4, 3, 6583, 14.1, 3.8, 0, 6.66, 6.66, 0.29, 0, 
40, 12, eco5, 4, 14637, 21.1, 3, 0, 5.13, 5.13, 0.3, 0.01, 
40, 1, eco2, 1, 10, 17.7, -0.8, 0, 0.01, 0.01, 0.29, 0, 
40, 1, eco3, 2, 9902, 26, 1.8, 0, 9.05, 9.05, 0.3, 0.05, 
40, 1, eco4, 3, 6583, 22.1, 0.7, 0, 5.54, 5.54, 0.3, 0.04, 
40, 1, eco5, 4, 14637, 32, -0.3, 0, 0.13, 0.13, 0.31, 0.04, 
40, 2, eco2, 1, 10, 7.9, 0.2, 0, 0.25, 0.25, 0.28, 0.03, 
40, 2, eco3, 2, 9902, 10.8, 3.7, 0, 10.02, 10.02, 0.28, 0.1, 
40, 2, eco4, 3, 6583, 9.1, 2, 0, 5.95, 5.95, 0.28, 0.07, 
40, 2, eco5, 4, 14637, 12.4, 1.1, 0, 4.62, 4.62, 0.28, 0.17, 
40, 3, eco2, 1, 10, 9.7, 2.7, 0, 0.3, 0.3, 0.28, 0.1, 
40, 3, eco3, 2, 9902, 17.8, 6.1, 0, 11.61, 11.61, 0.29, 0.14, 
40, 3, eco4, 3, 6583, 14, 4.6, 0, 6.96, 6.96, 0.28, 0.13, 
40, 3, eco5, 4, 14637, 19.7, 3.5, 0, 5.32, 5.32, 0.29, 0.23, 
40, 4, eco2, 1, 10, 5.5, 8.3, 0, 0.49, 0.49, 0.27, 0.1, 
40, 4, eco3, 2, 9902, 9.4, 11.7, 0.66, 16.39, 15.73, 0.28, 0.12, 
40, 4, eco4, 3, 6583, 8.3, 10.2, 0.04, 9.8, 9.76, 0.28, 0.12, 
40, 4, eco5, 4, 14637, 11.6, 9.1, 0, 7.47, 7.46, 0.28, 0.23, 
40, 5, eco2, 1, 10, 14.7, 15.6, 0, 0.91, 0.91, 0.29, 0.07, 
40, 5, eco3, 2, 9902, 12.5, 19, 7.72, 25.73, 18, 0.28, 0.02, 
40, 5, eco4, 3, 6583, 13.7, 17.7, 8.11, 15.58, 7.47, 0.28, 0.04, 
40, 5, eco5, 4, 14637, 17.3, 16.3, 9.21, 11.7, 2.49, 0.29, 0.13, 
40, 6, eco2, 1, 10, 10.5, 18.3, 0, 1.06, 1.06, 0.28, 0, 
40, 6, eco3, 2, 9902, 13, 21, 18.79, 28.58, 9.79, 0.28, 0, 
40, 6, eco4, 3, 6583, 11, 20, 8.88, 17.51, 8.63, 0.28, 0, 
40, 6, eco5, 4, 14637, 15.2, 18.2, 8.3, 13.08, 4.79, 0.29, 0.01, 
50, 7, eco2, 1, 10, 10.6, 22.2, 0, 0.36, 0.36, 0.28, 0, 
50, 7, eco3, 2, 9902, 13.6, 25, 126.66, 32.66, -94, 0.28, 0, 
50, 7, eco4, 3, 6583, 12.4, 23.9, 70.47, 20.85, -49.62, 0.28, 0, 
50, 7, eco5, 4, 14637, 14.7, 22.2, 90.42, 14.82, -75.61, 0.29, 0, 
50, 8, eco2, 1, 10, 15.3, 21.9, 0, 0.4, 0.4, 0.29, 0.01, 
50, 8, eco3, 2, 9902, 18.3, 24.5, 155.51, 32.75, -122.76, 0.29, 0.01, 
50, 8, eco4, 3, 6583, 14, 23.6, 121.56, 20.64, -100.91, 0.28, 0, 
50, 8, eco5, 4, 14637, 14.6, 21.9, 115.97, 14.42, -101.55, 0.29, 0, 
50, 9, eco2, 1, 10, 5.1, 19.7, 0, 0.26, 0.26, 0.27, 0, 
50, 9, eco3, 2, 9902, 4.2, 22.8, 41.27, 23.97, -17.3, 0.27, 0, 
50, 9, eco4, 3, 6583, 4.8, 21.5, 17.39, 16.1, -1.29, 0.27, 0, 
50, 9, eco5, 4, 14637, 5.2, 20.1, 9.01, 13.71, 4.7, 0.27, 0, 
50, 10, eco2, 1, 10, 6.6, 13.3, 0, 0.2, 0.2, 0.27, 0, 
50, 10, eco3, 2, 9902, 1.3, 16.3, 0.5, 17.93, 17.42, 0.26, 0, 
50, 10, eco4, 3, 6583, 2.6, 15, 1.23, 12.89, 11.65, 0.27, 0, 
50, 10, eco5, 4, 14637, 1.9, 14, 2.58, 9.57, 6.99, 0.27, 0, 
50, 11, eco2, 1, 10, 2.4, 8, 0, 0.13, 0.13, 0.27, 0, 
50, 11, eco3, 2, 9902, 3.5, 11.1, 0.3, 16.13, 15.82, 0.27, 0, 
50, 11, eco4, 3, 6583, 2.7, 9.6, 0.01, 9.85, 9.84, 0.27, 0, 
50, 11, eco5, 4, 14637, 4.4, 8.7, 0, 7.23, 7.23, 0.27, 0, 
50, 12, eco2, 1, 10, 13.1, 3.6, 0, 0.08, 0.08, 0.28, 0, 
50, 12, eco3, 2, 9902, 12.6, 6.4, 0, 11.86, 11.86, 0.28, 0, 
50, 12, eco4, 3, 6583, 13.6, 5.2, 0, 7.47, 7.47, 0.28, 0, 
50, 12, eco5, 4, 14637, 17, 4.6, 0, 5.59, 5.59, 0.29, 0, 
50, 1, eco2, 1, 10, 6.5, -0.8, 0, 0, 0, 0.27, 0, 
50, 1, eco3, 2, 9902, 12.1, 2.5, 0, 9.35, 9.35, 0.28, 0, 
50, 1, eco4, 3, 6583, 8.4, 1, 0, 5.77, 5.77, 0.28, 0, 
50, 1, eco5, 4, 14637, 11.4, 0.2, 0, 4.28, 4.28, 0.28, 0, 
50, 2, eco2, 1, 10, 15.3, 1.1, 0, 0.07, 0.07, 0.29, 0, 
50, 2, eco3, 2, 9902, 16.8, 4.7, 0, 10.65, 10.65, 0.29, 0.03, 
50, 2, eco4, 3, 6583, 14.9, 3.3, 0, 6.6, 6.6, 0.29, 0.01, 
50, 2, eco5, 4, 14637, 20, 2.3, 0, 4.84, 4.84, 0.29, 0.01, 
50, 3, eco2, 1, 10, 5.4, 8.5, 0, 0.13, 0.13, 0.27, 0.1, 
50, 3, eco3, 2, 9902, 5, 11.4, 0.53, 16.11, 15.58, 0.27, 0.05, 
50, 3, eco4, 3, 6583, 4.4, 10.1, 0.04, 10.05, 10.01, 0.27, 0.05, 
50, 3, eco5, 4, 14637, 5.9, 8.9, 0, 7.26, 7.26, 0.27, 0.11, 
50, 4, eco2, 1, 10, 6.7, 10.5, 0, 0.16, 0.16, 0.27, 0.02, 
50, 4, eco3, 2, 9902, 6.9, 13.8, 3.84, 18.69, 14.85, 0.27, 0, 
50, 4, eco4, 3, 6583, 7.1, 12.6, 1.76, 11.69, 9.93, 0.27, 0, 
50, 4, eco5, 4, 14637, 8.8, 11.5, 0.53, 8.5, 7.97, 0.28, 0.01, 
50, 5, eco2, 1, 10, 12.2, 14.5, 0, 0.21, 0.21, 0.28, 0.05, 
50, 5, eco3, 2, 9902, 9.9, 17.7, 5.83, 23.62, 17.79, 0.28, 0, 
50, 5, eco4, 3, 6583, 10.4, 16.4, 6.5, 14.68, 8.18, 0.28, 0, 
50, 5, eco5, 4, 14637, 10, 15.1, 7.27, 10.61, 3.34, 0.28, 0, 
50, 6, eco2, 1, 10, 11.6, 19.9, 0, 0.32, 0.32, 0.28, 0, 
50, 6, eco3, 2, 9902, 7.2, 23.2, 43.06, 28.01, -15.05, 0.27, 0, 
50, 6, eco4, 3, 6583, 8.8, 21.8, 36.57, 19.37, -17.2, 0.28, 0, 
50, 6, eco5, 4, 14637, 10.5, 20.3, 12.49, 14.45, 1.96, 0.28, 0, 
60, 7, eco2, 1, 10, 17.9, 22.4, 0, 0.23, 0.23, 0.29, 0.04, 
60, 7, eco3, 2, 9902, 17, 24.8, 93.97, 32.71, -61.26, 0.29, 0.01, 
60, 7, eco4, 3, 6583, 16.2, 23.9, 74.63, 22.25, -52.38, 0.29, 0.02, 
60, 7, eco5, 4, 14637, 17, 22.1, 88.59, 14.98, -73.61, 0.29, 0.01, 
60, 8, eco2, 1, 10, 9.1, 19.7, 0.03, 0.16, 0.14, 0.28, 0, 
60, 8, eco3, 2, 9902, 15, 22, 86.95, 27.19, -59.76, 0.29, 0, 
60, 8, eco4, 3, 6583, 12.1, 21.2, 29.49, 18.23, -11.26, 0.28, 0, 
60, 8, eco5, 4, 14637, 13.1, 19.4, 9.34, 12.49, 3.15, 0.28, 0, 
60, 9, eco2, 1, 10, 15.2, 17, 0.72, 0.15, -0.56, 0.29, 0.01, 
60, 9, eco3, 2, 9902, 11.6, 19.6, 2.22, 25.1, 22.88, 0.28, 0, 
60, 9, eco4, 3, 6583, 12.1, 18.6, 1.15, 16.56, 15.42, 0.28, 0, 
60, 9, eco5, 4, 14637, 12.3, 17, 3.72, 11.31, 7.59, 0.28, 0, 
60, 10, eco2, 1, 10, 8.3, 10.8, 0, 0.09, 0.09, 0.28, 0, 
60, 10, eco3, 2, 9902, 11.1, 13.9, 2.36, 17.41, 15.05, 0.28, 0, 
60, 10, eco4, 3, 6583, 9.9, 12.6, 1.64, 11.31, 9.67, 0.28, 0, 
60, 10, eco5, 4, 14637, 13.3, 11.6, 0.59, 8.01, 7.43, 0.28, 0, 
60, 11, eco2, 1, 10, 2.1, 4, 0, 0.05, 0.05, 0.27, 0, 
60, 11, eco3, 2, 9902, 2.2, 7.5, 0, 11.61, 11.61, 0.27, 0, 
60, 11, eco4, 3, 6583, 2.6, 6, 0, 7.46, 7.46, 0.27, 0, 
60, 11, eco5, 4, 14637, 2.9, 5.2, 0, 5.37, 5.37, 0.27, 0, 
60, 12, eco2, 1, 10, 9.7, 4.2, 0, 0.05, 0.05, 0.28, 0, 
60, 12, eco3, 2, 9902, 16.7, 7.1, 0, 11.26, 11.26, 0.29, 0.03, 
60, 12, eco4, 3, 6583, 13.7, 6, 0, 7.43, 7.43, 0.28, 0.01, 
60, 12, eco5, 4, 14637, 18.1, 5.3, 0, 5.41, 5.41, 0.29, 0.02, 
60, 1, eco2, 1, 10, 10.5, 2.2, 0, 0.04, 0.04, 0.28, 0, 
60, 1, eco3, 2, 9902, 14.3, 5.2, 0, 9.96, 9.96, 0.29, 0, 
60, 1, eco4, 3, 6583, 12.1, 4.2, 0, 6.62, 6.62, 0.28, 0, 
60, 1, eco5, 4, 14637, 17.3, 3, 0, 4.7, 4.7, 0.29, 0, 
60, 2, eco2, 1, 10, 4.9, 3.4, 0, 0.05, 0.05, 0.27, 0, 
60, 2, eco3, 2, 9902, 4.8, 6.3, 0, 10.63, 10.63, 0.27, 0, 
60, 2, eco4, 3, 6583, 5.4, 5.2, 0, 7.02, 7.02, 0.27, 0, 
60, 2, eco5, 4, 14637, 6.7, 3.9, 0, 4.96, 4.96, 0.27, 0, 
60, 3, eco2, 1, 10, 7.9, 10.2, 0, 0.09, 0.09, 0.28, 0.06, 
60, 3, eco3, 2, 9902, 11.5, 13.5, 3.56, 16.65, 13.1, 0.28, 0.05, 
60, 3, eco4, 3, 6583, 11.4, 12.4, 1.8, 10.97, 9.18, 0.28, 0.05, 
60, 3, eco5, 4, 14637, 14.5, 11.2, 0.4, 7.72, 7.32, 0.29, 0.13, 
60, 4, eco2, 1, 10, 14.5, 11.3, 0, 0.09, 0.09, 0.29, 0.07, 
60, 4, eco3, 2, 9902, 12.3, 14.7, 3.91, 17.89, 13.99, 0.28, 0.02, 
60, 4, eco4, 3, 6583, 12.1, 13.6, 3.27, 11.72, 8.45, 0.28, 0.03, 
60, 4, eco5, 4, 14637, 14.6, 12.4, 1.55, 8.31, 6.76, 0.29, 0.03, 
60, 5, eco2, 1, 10, 13.4, 17.1, 0.58, 0.15, -0.43, 0.28, 0.04, 
60, 5, eco3, 2, 9902, 13, 19.5, 5.92, 23.98, 18.06, 0.28, 0.02, 
60, 5, eco4, 3, 6583, 13.2, 18.8, 6.07, 16.1, 10.04, 0.28, 0.03, 
60, 5, eco5, 4, 14637, 13.5, 17.2, 8.03, 11.14, 3.11, 0.28, 0.02, 
60, 6, eco2, 1, 10, 5.6, 18.3, 0.3, 0.14, -0.16, 0.27, 0, 
60, 6, eco3, 2, 9902, 7.6, 20.9, 10.72, 23.87, 13.15, 0.27, 0, 
60, 6, eco4, 3, 6583, 6.9, 20.1, 7.26, 16.09, 8.84, 0.27, 0, 
60, 6, eco5, 4, 14637, 8.9, 18.4, 7.66, 11.82, 4.16, 0.28, 0, 
70, 7, eco2, 1, 10, 10.3, 22.6, 0.51, 0.35, -0.16, 0.28, 0, 
70, 7, eco3, 2, 9902, 9.4, 24.9, 81.3, 30.42, -50.88, 0.28, 0, 
70, 7, eco4, 3, 6583, 11, 24.1, 69.43, 21.85, -47.58, 0.28, 0, 
70, 7, eco5, 4, 14637, 10.8, 22.2, 91.18, 14.85, -76.32, 0.28, 0, 
70, 8, eco2, 1, 10, 14.7, 21.9, 2.64, 0.39, -2.26, 0.29, 0, 
70, 8, eco3, 2, 9902, 14, 24.8, 111.47, 33.47, -78, 0.28, 0, 
70, 8, eco4, 3, 6583, 13.4, 23.9, 107.74, 22.08, -85.66, 0.28, 0, 
70, 8, eco5, 4, 14637, 14.7, 22.2, 156.28, 15.05, -141.22, 0.29, 0, 
70, 9, eco2, 1, 10, 7.4, 18.4, 0.06, 0.31, 0.25, 0.27, 0, 
70, 9, eco3, 2, 9902, 9.5, 21.2, 26.16, 29.44, 3.28, 0.28, 0, 
70, 9, eco4, 3, 6583, 9.5, 20.1, 5.74, 19.61, 13.87, 0.28, 0, 
70, 9, eco5, 4, 14637, 11.9, 18.5, 2.71, 13.84, 11.13, 0.28, 0, 
70, 10, eco2, 1, 10, 5.9, 12, 0, 0.21, 0.21, 0.27, 0, 
70, 10, eco3, 2, 9902, 11.7, 14.5, 0.75, 20.04, 19.29, 0.28, 0, 
70, 10, eco4, 3, 6583, 9, 13.4, 1.16, 13.03, 11.88, 0.28, 0, 
70, 10, eco5, 4, 14637, 12.4, 12.1, 1, 9.18, 8.18, 0.28, 0, 
70, 11, eco2, 1, 10, 3.8, 6.4, 0, 0.13, 0.13, 0.27, 0, 
70, 11, eco3, 2, 9902, 4.7, 9.2, 0, 14.25, 14.25, 0.27, 0, 
70, 11, eco4, 3, 6583, 5, 8.3, 0, 9.42, 9.42, 0.27, 0, 
70, 11, eco5, 4, 14637, 6.2, 7.3, 0, 6.8, 6.8, 0.27, 0, 
70, 12, eco2, 1, 10, 14.6, -3.5, 0, 0, 0, 0.29, 0, 
70, 12, eco3, 2, 9902, 15.3, 0.1, 0, 8.18, 8.18, 0.29, 0, 
70, 12, eco4, 3, 6583, 13.3, -1.5, 0, 0.17, 0.17, 0.28, 0, 
70, 12, eco5, 4, 14637, 17.3, -2.2, 0, 0.12, 0.12, 0.29, 0, 
70, 1, eco2, 1, 10, 13.1, -1.9, 0, 0, 0, 0.28, 0, 
70, 1, eco3, 2, 9902, 17, 1.1, 0, 8.72, 8.72, 0.29, 0.01, 
70, 1, eco4, 3, 6583, 13.8, -0.2, 0, 0.18, 0.18, 0.28, 0, 
70, 1, eco5, 4, 14637, 18, -1.1, 0, 0.13, 0.13, 0.29, 0, 
70, 2, eco2, 1, 10, 7.9, -2.7, 0, 0, 0, 0.28, 0, 
70, 2, eco3, 2, 9902, 11.7, 0.9, 0, 8.59, 8.59, 0.28, 0.03, 
70, 2, eco4, 3, 6583, 9.3, -0.5, 0, 0.18, 0.18, 0.28, 0, 
70, 2, eco5, 4, 14637, 13.5, -1.6, 0, 0.13, 0.13, 0.28, 0, 
70, 3, eco2, 1, 10, 11.2, 4.5, 0, 0.11, 0.11, 0.28, 0.09, 
70, 3, eco3, 2, 9902, 10.7, 7, 0, 12.31, 12.31, 0.28, 0.13, 
70, 3, eco4, 3, 6583, 9.4, 5.9, 0, 8.16, 8.16, 0.28, 0.08, 
70, 3, eco5, 4, 14637, 10.4, 4.4, 0, 5.74, 5.74, 0.28, 0.06, 
70, 4, eco2, 1, 10, 6.7, 12.4, 0, 0.21, 0.21, 0.27, 0.11, 
70, 4, eco3, 2, 9902, 10.2, 15, 4.1, 20.09, 15.99, 0.28, 0.1, 
70, 4, eco4, 3, 6583, 8.1, 13.9, 3.08, 13.34, 10.25, 0.28, 0.09, 
70, 4, eco5, 4, 14637, 11.7, 12.5, 1.52, 9.4, 7.88, 0.28, 0.16, 
70, 5, eco2, 1, 10, 9.6, 16.7, 0, 0.28, 0.28, 0.28, 0, 
70, 5, eco3, 2, 9902, 11.1, 19, 4.85, 25.56, 20.71, 0.28, 0, 
70, 5, eco4, 3, 6583, 9.8, 18.2, 4.49, 17.24, 12.75, 0.28, 0, 
70, 5, eco5, 4, 14637, 11.2, 16.5, 7.24, 12.03, 4.78, 0.28, 0, 
70, 6, eco2, 1, 10, 8.4, 21.6, 0.17, 0.31, 0.14, 0.28, 0, 
70, 6, eco3, 2, 9902, 13, 23.7, 68.6, 32.9, -35.7, 0.28, 0, 
70, 6, eco4, 3, 6583, 9.8, 23, 62.18, 21.3, -40.87, 0.28, 0, 
70, 6, eco5, 4, 14637, 13.7, 21.1, 26.58, 15.86, -10.72, 0.28, 0, 
80, 7, eco2, 1, 10, 10.8, 20.8, 0, 0.13, 0.13, 0.28, 0, 
80, 7, eco3, 2, 9902, 11.3, 23.6, 95.68, 25.48, -70.2, 0.28, 0, 
80, 7, eco4, 3, 6583, 9.4, 22.5, 41.2, 15.89, -25.31, 0.28, 0, 
80, 7, eco5, 4, 14637, 10.2, 20.7, 16.15, 12.73, -3.42, 0.28, 0, 
80, 8, eco2, 1, 10, 3.8, 18.3, 0, 0.06, 0.06, 0.27, 0, 
80, 8, eco3, 2, 9902, 4.6, 21.5, 8.4, 15.42, 7.02, 0.27, 0, 
80, 8, eco4, 3, 6583, 4.5, 20.4, 1.85, 10.41, 8.56, 0.27, 0, 
80, 8, eco5, 4, 14637, 5.2, 18.7, 4.2, 9.86, 5.65, 0.27, 0, 
80, 9, eco2, 1, 10, 9.9, 16.2, 0, 0.1, 0.1, 0.28, 0, 
80, 9, eco3, 2, 9902, 15.9, 19.9, 4.22, 23.72, 19.5, 0.29, 0.01, 
80, 9, eco4, 3, 6583, 13.8, 18.6, 1.56, 15.05, 13.49, 0.28, 0, 
80, 9, eco5, 4, 14637, 17.6, 17.2, 5.99, 10.68, 4.69, 0.29, 0.01, 
80, 10, eco2, 1, 10, 4.9, 10.7, 0, 0.06, 0.06, 0.27, 0, 
80, 10, eco3, 2, 9902, 15.9, 14, 1.36, 16.19, 14.83, 0.29, 0.03, 
80, 10, eco4, 3, 6583, 10, 12.8, 1.23, 10.35, 9.12, 0.28, 0, 
80, 10, eco5, 4, 14637, 14.6, 11.7, 0.64, 7.5, 6.86, 0.29, 0.01, 
80, 11, eco2, 1, 10, 4.6, 3, 0, 0.03, 0.03, 0.27, 0, 
80, 11, eco3, 2, 9902, 7, 6, 0, 9.79, 9.79, 0.27, 0, 
80, 11, eco4, 3, 6583, 5.7, 5, 0, 6.35, 6.35, 0.27, 0, 
80, 11, eco5, 4, 14637, 8, 3.8, 0, 4.6, 4.6, 0.28, 0, 
80, 12, eco2, 1, 10, 9, 1.7, 0, 0.03, 0.03, 0.28, 0, 
80, 12, eco3, 2, 9902, 11.6, 4.4, 0, 8.83, 8.83, 0.28, 0, 
80, 12, eco4, 3, 6583, 9.2, 3.3, 0, 5.72, 5.72, 0.28, 0, 
80, 12, eco5, 4, 14637, 12.8, 2.5, 0, 4.25, 4.25, 0.28, 0, 
80, 1, eco2, 1, 10, 7.8, 0.1, 0, 0.02, 0.02, 0.28, 0, 
80, 1, eco3, 2, 9902, 15.9, 4, 0, 8.62, 8.62, 0.29, 0.01, 
80, 1, eco4, 3, 6583, 11.9, 2.5, 0, 5.44, 5.44, 0.28, 0, 
80, 1, eco5, 4, 14637, 18.2, 1.6, 0, 4.04, 4.04, 0.29, 0, 
80, 2, eco2, 1, 10, 8.2, 3, 0, 0.03, 0.03, 0.28, 0, 
80, 2, eco3, 2, 9902, 10.7, 6.1, 0, 9.79, 9.79, 0.28, 0.08, 
80, 2, eco4, 3, 6583, 8.3, 5, 0, 6.34, 6.34, 0.28, 0.01, 
80, 2, eco5, 4, 14637, 11.7, 3.8, 0, 4.6, 4.6, 0.28, 0.03, 
80, 3, eco2, 1, 10, 15.8, 7.6, 0, 0.05, 0.05, 0.29, 0.09, 
80, 3, eco3, 2, 9902, 22.7, 11.8, 0.48, 13.84, 13.36, 0.3, 0.16, 
80, 3, eco4, 3, 6583, 22.1, 10.2, 0.03, 8.68, 8.65, 0.3, 0.16, 
80, 3, eco5, 4, 14637, 31.2, 9.1, 0, 6.33, 6.33, 0.31, 0.27, 
80, 4, eco2, 1, 10, 12.5, 7.2, 0, 0.05, 0.05, 0.28, 0.07, 
80, 4, eco3, 2, 9902, 16.8, 11.1, 0.12, 13.19, 13.07, 0.29, 0.09, 
80, 4, eco4, 3, 6583, 14.5, 9.6, 0, 8.33, 8.33, 0.29, 0.06, 
80, 4, eco5, 4, 14637, 19.1, 8.5, 0, 6.09, 6.09, 0.29, 0.13, 
80, 5, eco2, 1, 10, 8.7, 11.4, 0, 0.07, 0.07, 0.28, 0, 
80, 5, eco3, 2, 9902, 10.2, 14.9, 3.13, 16.77, 13.64, 0.28, 0, 
80, 5, eco4, 3, 6583, 9.4, 13.6, 2.2, 10.67, 8.46, 0.28, 0, 
80, 5, eco5, 4, 14637, 13.7, 12.3, 1.21, 7.68, 6.46, 0.28, 0.06, 
80, 6, eco2, 1, 10, 11, 16.7, 0, 0.1, 0.1, 0.28, 0, 
80, 6, eco3, 2, 9902, 17, 19.4, 4.74, 21.99, 17.25, 0.29, 0.04, 
80, 6, eco4, 3, 6583, 16.4, 18.6, 4.69, 14.48, 9.79, 0.29, 0.05, 
80, 6, eco5, 4, 14637, 20.6, 16.9, 7.77, 10.23, 2.47, 0.3, 0.13, 
90, 7, eco2, 1, 10, 12.9, 21.8, 2.08, 0.22, -1.86, 0.28, 0, 
90, 7, eco3, 2, 9902, 10.1, 24, 108.56, 23.26, -85.31, 0.28, 0, 
90, 7, eco4, 3, 6583, 11.9, 23.2, 108.02, 17.14, -90.89, 0.28, 0, 
90, 7, eco5, 4, 14637, 13.9, 21.3, 40.53, 12.7, -27.83, 0.28, 0, 
90, 8, eco2, 1, 10, 7.7, 21.3, 1.02, 0.16, -0.86, 0.27, 0, 
90, 8, eco3, 2, 9902, 9.8, 23.7, 76.91, 21.9, -55.01, 0.28, 0, 
90, 8, eco4, 3, 6583, 9, 22.8, 68.11, 14.98, -53.13, 0.28, 0, 
90, 8, eco5, 4, 14637, 10.7, 20.9, 31.9, 12.1, -19.8, 0.28, 0, 
90, 9, eco2, 1, 10, 15.1, 18.8, 0.45, 0.21, -0.24, 0.29, 0.01, 
90, 9, eco3, 2, 9902, 22.9, 21.1, 28.1, 24.3, -3.8, 0.3, 0.03, 
90, 9, eco4, 3, 6583, 16.9, 20.4, 10.86, 17.02, 6.15, 0.29, 0.01, 
90, 9, eco5, 4, 14637, 23.9, 19, 4.71, 11.46, 6.75, 0.3, 0.04, 
90, 10, eco2, 1, 10, 11.9, 13.4, 0, 0.14, 0.14, 0.28, 0, 
90, 10, eco3, 2, 9902, 12.6, 16.3, 0.87, 18.07, 17.2, 0.28, 0, 
90, 10, eco4, 3, 6583, 11, 15.5, 1.31, 12.43, 11.12, 0.28, 0, 
90, 10, eco5, 4, 14637, 12.4, 14.7, 4.6, 8.68, 4.08, 0.28, 0, 
90, 11, eco2, 1, 10, 12.8, 4.9, 0, 0.07, 0.07, 0.28, 0, 
90, 11, eco3, 2, 9902, 14.9, 7.5, 0, 10.29, 10.29, 0.29, 0.03, 
90, 11, eco4, 3, 6583, 12.8, 6.3, 0, 6.98, 6.98, 0.28, 0.01, 
90, 11, eco5, 4, 14637, 15.6, 5.3, 0, 4.85, 4.85, 0.29, 0.02, 
90, 12, eco2, 1, 10, 12.8, 1.1, 0, 0.06, 0.06, 0.28, 0, 
90, 12, eco3, 2, 9902, 19.5, 4, 0, 8.27, 8.27, 0.29, 0.03, 
90, 12, eco4, 3, 6583, 14.4, 2.9, 0, 5.65, 5.65, 0.29, 0, 
90, 12, eco5, 4, 14637, 18.5, 2.2, 0, 4.01, 4.01, 0.29, 0, 
90, 1, eco2, 1, 10, 10.1, 1.1, 0, 0.06, 0.06, 0.28, 0, 
90, 1, eco3, 2, 9902, 15.1, 4, 0, 8.29, 8.29, 0.29, 0.05, 
90, 1, eco4, 3, 6583, 13.9, 2.8, 0, 5.62, 5.62, 0.28, 0.04, 
90, 1, eco5, 4, 14637, 17.3, 1.8, 0, 3.93, 3.93, 0.29, 0.03, 
90, 2, eco2, 1, 10, 3.1, 2.9, 0, 0.06, 0.06, 0.27, 0.03, 
90, 2, eco3, 2, 9902, 5.3, 5.8, 0, 9.24, 9.24, 0.27, 0.05, 
90, 2, eco4, 3, 6583, 4, 4.7, 0, 6.31, 6.31, 0.27, 0.04, 
90, 2, eco5, 4, 14637, 5.7, 3.5, 0, 4.34, 4.34, 0.27, 0.06, 
90, 3, eco2, 1, 10, 12.2, 4.7, 0, 0.07, 0.07, 0.28, 0.09, 
90, 3, eco3, 2, 9902, 14.4, 8.2, 0, 10.65, 10.65, 0.29, 0.1, 
90, 3, eco4, 3, 6583, 13.9, 7.1, 0, 7.29, 7.29, 0.28, 0.09, 
90, 3, eco5, 4, 14637, 16.6, 6.2, 0, 5.1, 5.1, 0.29, 0.15, 
90, 4, eco2, 1, 10, 8.7, 12.4, 0, 0.13, 0.13, 0.28, 0.08, 
90, 4, eco3, 2, 9902, 8.3, 15.6, 3.47, 16.97, 13.5, 0.28, 0, 
90, 4, eco4, 3, 6583, 7.1, 14.4, 2.96, 11.45, 8.49, 0.27, 0, 
90, 4, eco5, 4, 14637, 9.1, 13.3, 2.9, 7.9, 4.99, 0.28, 0.13, 
90, 5, eco2, 1, 10, 8.8, 14, 0, 0.15, 0.15, 0.28, 0, 
90, 5, eco3, 2, 9902, 13, 16.7, 2.88, 18.04, 15.15, 0.28, 0.01, 
90, 5, eco4, 3, 6583, 11.8, 15.7, 3.03, 12.35, 9.32, 0.28, 0, 
90, 5, eco5, 4, 14637, 15, 14.4, 5.1, 8.45, 3.35, 0.29, 0.02, 
90, 6, eco2, 1, 10, 10.2, 19.5, 0.19, 0.21, 0.02, 0.28, 0, 
90, 6, eco3, 2, 9902, 10.1, 21.8, 33.48, 23.78, -9.7, 0.28, 0, 
90, 6, eco4, 3, 6583, 11.4, 21, 13.13, 16.81, 3.68, 0.28, 0, 
90, 6, eco5, 4, 14637, 10.1, 19.3, 7.33, 11.39, 4.06, 0.28, 0, 
100, 7, eco2, 1, 10, 12.5, 20.3, 1.13, 0.14, -0.99, 0.28, 0, 
100, 7, eco3, 2, 9902, 10.8, 23, 65.49, 23.75, -41.75, 0.28, 0, 
100, 7, eco4, 3, 6583, 12.1, 21.9, 43.08, 17.76, -25.32, 0.28, 0, 
100, 7, eco5, 4, 14637, 13.2, 20, 12.36, 12.7, 0.35, 0.28, 0, 
100, 8, eco2, 1, 10, 15.2, 19.8, 4.24, 0.14, -4.11, 0.29, 0.01, 
100, 8, eco3, 2, 9902, 18.8, 23, 158.34, 26.1, -132.23, 0.29, 0.01, 
100, 8, eco4, 3, 6583, 15.6, 21.6, 66.48, 18.04, -48.44, 0.29, 0, 
100, 8, eco5, 4, 14637, 17.3, 19.9, 12.5, 12.57, 0.07, 0.29, 0.01, 
100, 9, eco2, 1, 10, 9.3, 17.8, 0, 0.15, 0.15, 0.28, 0, 
100, 9, eco3, 2, 9902, 4.2, 20.3, 3.27, 20.3, 17.04, 0.27, 0, 
100, 9, eco4, 3, 6583, 6.1, 19.4, 1.08, 15.52, 14.43, 0.27, 0, 
100, 9, eco5, 4, 14637, 4.7, 18, 4.34, 10.78, 6.44, 0.27, 0, 
100, 10, eco2, 1, 10, 4.6, 10.7, 0, 0.09, 0.09, 0.27, 0, 
100, 10, eco3, 2, 9902, 7.3, 13.6, 1.1, 15.82, 14.72, 0.27, 0, 
100, 10, eco4, 3, 6583, 5.8, 12.5, 0.85, 10.63, 9.77, 0.27, 0, 
100, 10, eco5, 4, 14637, 8.1, 11.4, 0.37, 7.33, 6.96, 0.28, 0, 
100, 11, eco2, 1, 10, 5, 4.5, 0, 0.05, 0.05, 0.27, 0, 
100, 11, eco3, 2, 9902, 5, 7, 0, 10.39, 10.39, 0.27, 0, 
100, 11, eco4, 3, 6583, 5, 5.9, 0, 7.02, 7.02, 0.27, 0, 
100, 11, eco5, 4, 14637, 6.7, 4.8, 0, 4.84, 4.84, 0.27, 0, 
100, 12, eco2, 1, 10, 12.4, 3.4, 0, 0.05, 0.05, 0.28, 0, 
100, 12, eco3, 2, 9902, 19.9, 6.1, 0, 9.75, 9.75, 0.29, 0.03, 
100, 12, eco4, 3, 6583, 17.3, 5.1, 0, 6.63, 6.63, 0.29, 0.04, 
100, 12, eco5, 4, 14637, 23.4, 4.3, 0, 4.69, 4.69, 0.3, 0, 
100, 1, eco2, 1, 10, 5.7, 0.4, 0, 0.04, 0.04, 0.27, 0, 
100, 1, eco3, 2, 9902, 9.3, 2.7, 0, 7.91, 7.91, 0.28, 0, 
100, 1, eco4, 3, 6583, 7.1, 1.6, 0, 5.4, 5.4, 0.27, 0, 
100, 1, eco5, 4, 14637, 11.3, 0.4, 0, 3.72, 3.72, 0.28, 0, 
100, 2, eco2, 1, 10, 8.9, 3.9, 0, 0.05, 0.05, 0.28, 0, 
100, 2, eco3, 2, 9902, 13.4, 6.4, 0, 9.89, 9.89, 0.28, 0.03, 
100, 2, eco4, 3, 6583, 11.2, 5.3, 0, 6.73, 6.73, 0.28, 0, 
100, 2, eco5, 4, 14637, 15.8, 4.3, 0, 4.66, 4.66, 0.29, 0.05, 
100, 3, eco2, 1, 10, 12.6, 5.2, 0, 0.06, 0.06, 0.28, 0.03, 
100, 3, eco3, 2, 9902, 15.6, 8, 0, 10.89, 10.89, 0.29, 0.11, 
100, 3, eco4, 3, 6583, 13, 6.8, 0, 7.35, 7.35, 0.28, 0.05, 
100, 3, eco5, 4, 14637, 17.8, 5.5, 0, 5.02, 5.02, 0.29, 0.19, 
100, 4, eco2, 1, 10, 9.4, 11.1, 0, 0.09, 0.09, 0.28, 0.08, 
100, 4, eco3, 2, 9902, 9, 13.5, 1.67, 15.35, 13.68, 0.28, 0, 
100, 4, eco4, 3, 6583, 8.8, 12.8, 1.18, 10.58, 9.4, 0.28, 0.05, 
100, 4, eco5, 4, 14637, 10.1, 11.7, 0.51, 7.31, 6.8, 0.28, 0.17, 
100, 5, eco2, 1, 10, 6.1, 14.3, 0, 0.11, 0.11, 0.27, 0, 
100, 5, eco3, 2, 9902, 8.1, 16.7, 2.93, 18.58, 15.64, 0.28, 0, 
100, 5, eco4, 3, 6583, 7.5, 15.7, 3.63, 12.6, 8.98, 0.27, 0, 
100, 5, eco5, 4, 14637, 10.1, 14.2, 4.12, 8.51, 4.39, 0.28, 0, 
100, 6, eco2, 1, 10, 8, 20.6, 0.5, 0.15, -0.35, 0.28, 0, 
100, 6, eco3, 2, 9902, 5.8, 22.8, 26.23, 21.14, -5.1, 0.27, 0, 
100, 6, eco4, 3, 6583, 7.3, 21.9, 27.9, 16.1, -11.8, 0.27, 0, 
100, 6, eco5, 4, 14637, 6.7, 20, 8, 11.74, 3.75, 0.27, 0, 
110, 7, eco2, 1, 10, 10.8, 20.8, 0.02, 0.16, 0.13, 0.28, 0, 
110, 7, eco3, 2, 9902, 11.3, 23.6, 48.91, 20.63, -28.28, 0.28, 0, 
110, 7, eco4, 3, 6583, 9.4, 22.5, 30.16, 13.25, -16.92, 0.28, 0, 
110, 7, eco5, 4, 14637, 10.2, 20.7, 11.95, 10.67, -1.28, 0.28, 0, 
110, 8, eco2, 1, 10, 3.8, 18.3, 0.05, 0.07, 0.02, 0.27, 0, 
110, 8, eco3, 2, 9902, 4.6, 21.5, 7.09, 12.45, 5.37, 0.27, 0, 
110, 8, eco4, 3, 6583, 4.5, 20.4, 1.51, 8.59, 7.09, 0.27, 0, 
110, 8, eco5, 4, 14637, 5.2, 18.7, 2.64, 8.24, 5.6, 0.27, 0, 
110, 9, eco2, 1, 10, 9.9, 16.2, 0.27, 0.13, -0.14, 0.28, 0, 
110, 9, eco3, 2, 9902, 15.9, 19.9, 3.02, 18.55, 15.53, 0.29, 0.01, 
110, 9, eco4, 3, 6583, 13.8, 18.6, 0.97, 12.25, 11.28, 0.28, 0, 
110, 9, eco5, 4, 14637, 17.6, 17.2, 3.59, 8.84, 5.25, 0.29, 0.01, 
110, 10, eco2, 1, 10, 4.9, 10.7, 0, 0.08, 0.08, 0.27, 0, 
110, 10, eco3, 2, 9902, 15.9, 14, 0.6, 12.51, 11.91, 0.29, 0.03, 
110, 10, eco4, 3, 6583, 10, 12.8, 0.65, 8.31, 7.66, 0.28, 0, 
110, 10, eco5, 4, 14637, 14.6, 11.7, 0.38, 6.13, 5.75, 0.29, 0.01, 
110, 11, eco2, 1, 10, 4.6, 3, 0, 0.04, 0.04, 0.27, 0, 
110, 11, eco3, 2, 9902, 7, 6, 0, 7.39, 7.39, 0.27, 0, 
110, 11, eco4, 3, 6583, 5.7, 5, 0, 4.92, 4.92, 0.27, 0, 
110, 11, eco5, 4, 14637, 8, 3.8, 0, 3.68, 3.68, 0.28, 0, 
110, 12, eco2, 1, 10, 9, 1.7, 0, 0.04, 0.04, 0.28, 0, 
110, 12, eco3, 2, 9902, 11.6, 4.4, 0, 6.6, 6.6, 0.28, 0, 
110, 12, eco4, 3, 6583, 9.2, 3.3, 0, 4.42, 4.42, 0.28, 0, 
110, 12, eco5, 4, 14637, 12.8, 2.5, 0, 3.38, 3.38, 0.28, 0, 
110, 1, eco2, 1, 10, 7.8, 0.1, 0, 0.03, 0.03, 0.28, 0, 
110, 1, eco3, 2, 9902, 15.9, 4, 0, 6.43, 6.43, 0.29, 0.01, 
110, 1, eco4, 3, 6583, 11.9, 2.5, 0, 4.19, 4.19, 0.28, 0, 
110, 1, eco5, 4, 14637, 18.2, 1.6, 0, 3.22, 3.22, 0.29, 0, 
110, 2, eco2, 1, 10, 8.2, 3, 0, 0.04, 0.04, 0.28, 0, 
110, 2, eco3, 2, 9902, 10.7, 6.1, 0, 7.32, 7.32, 0.28, 0.08, 
110, 2, eco4, 3, 6583, 8.3, 5, 0, 4.9, 4.9, 0.28, 0.01, 
110, 2, eco5, 4, 14637, 11.7, 3.8, 0, 3.67, 3.67, 0.28, 0.04, 
110, 3, eco2, 1, 10, 15.8, 7.6, 0, 0.06, 0.06, 0.29, 0.09, 
110, 3, eco3, 2, 9902, 22.7, 11.8, 0.2, 10.58, 10.38, 0.3, 0.18, 
110, 3, eco4, 3, 6583, 22.1, 10.2, 0.02, 6.88, 6.87, 0.3, 0.16, 
110, 3, eco5, 4, 14637, 31.2, 9.1, 0, 5.13, 5.13, 0.31, 0.28, 
110, 4, eco2, 1, 10, 12.5, 7.2, 0, 0.06, 0.06, 0.28, 0.07, 
110, 4, eco3, 2, 9902, 16.8, 11.1, 0.05, 10.06, 10.01, 0.29, 0.1, 
110, 4, eco4, 3, 6583, 14.5, 9.6, 0, 6.59, 6.59, 0.29, 0.06, 
110, 4, eco5, 4, 14637, 19.1, 8.5, 0, 4.92, 4.92, 0.29, 0.13, 
110, 5, eco2, 1, 10, 8.7, 11.4, 0, 0.09, 0.09, 0.28, 0, 
110, 5, eco3, 2, 9902, 10.2, 14.9, 1.36, 12.88, 11.52, 0.28, 0, 
110, 5, eco4, 3, 6583, 9.4, 13.6, 1.16, 8.54, 7.38, 0.28, 0, 
110, 5, eco5, 4, 14637, 13.7, 12.3, 0.73, 6.26, 5.54, 0.28, 0.06, 
110, 6, eco2, 1, 10, 11, 16.7, 0.27, 0.13, -0.14, 0.28, 0, 
110, 6, eco3, 2, 9902, 17, 19.4, 2.29, 16.9, 14.61, 0.29, 0.04, 
110, 6, eco4, 3, 6583, 16.4, 18.6, 2.44, 11.63, 9.19, 0.29, 0.04, 
110, 6, eco5, 4, 14637, 20.6, 16.9, 4.66, 8.37, 3.71, 0.3, 0.14, 
120, 7, eco2, 1, 10, 15, 21.7, 4.82, 0.49, -4.33, 0.29, 0.01, 
120, 7, eco3, 2, 9902, 11.9, 23.7, 74.29, 16.28, -58.01, 0.28, 0, 
120, 7, eco4, 3, 6583, 15.7, 22.9, 57.92, 10, -47.92, 0.29, 0.01, 
120, 7, eco5, 4, 14637, 16.2, 21, 15.68, 7.93, -7.75, 0.29, 0.01, 
120, 8, eco2, 1, 10, 10.4, 20.7, 2.84, 0.41, -2.43, 0.28, 0, 
120, 8, eco3, 2, 9902, 6.3, 24.1, 21.78, 11.77, -10.02, 0.27, 0, 
120, 8, eco4, 3, 6583, 5.8, 22.6, 25.43, 7.15, -18.28, 0.27, 0, 
120, 8, eco5, 4, 14637, 5.4, 21, 12.34, 6.91, -5.43, 0.27, 0, 
120, 9, eco2, 1, 10, 7.8, 15.9, 0.54, 0.38, -0.16, 0.28, 0, 
120, 9, eco3, 2, 9902, 6.2, 19.4, 0.51, 12.71, 12.2, 0.27, 0, 
120, 9, eco4, 3, 6583, 5.4, 18, 0.28, 7.26, 6.98, 0.27, 0, 
120, 9, eco5, 4, 14637, 6.6, 16.7, 1.57, 6, 4.44, 0.27, 0, 
120, 10, eco2, 1, 10, 5.9, 10.5, 0, 0.27, 0.27, 0.27, 0, 
120, 10, eco3, 2, 9902, 14.6, 13.8, 0.26, 9.57, 9.31, 0.29, 0.01, 
120, 10, eco4, 3, 6583, 8.7, 12.5, 0.23, 5.51, 5.28, 0.28, 0, 
120, 10, eco5, 4, 14637, 14.5, 11.6, 0.17, 4.34, 4.17, 0.29, 0, 
120, 11, eco2, 1, 10, 10.9, 9.1, 0, 0.24, 0.24, 0.28, 0, 
120, 11, eco3, 2, 9902, 12.3, 11.5, 0.05, 8.15, 8.11, 0.28, 0.02, 
120, 11, eco4, 3, 6583, 10.5, 10.4, 0.01, 4.73, 4.72, 0.28, 0, 
120, 11, eco5, 4, 14637, 14.7, 9.1, 0, 3.66, 3.66, 0.29, 0.02, 
120, 12, eco2, 1, 10, 4.9, 2.4, 0, 0.15, 0.15, 0.27, 0, 
120, 12, eco3, 2, 9902, 7, 5.2, 0, 5.31, 5.31, 0.27, 0, 
120, 12, eco4, 3, 6583, 5.1, 4, 0, 3.06, 3.06, 0.27, 0, 
120, 12, eco5, 4, 14637, 7.8, 3.2, 0, 2.47, 2.47, 0.28, 0, 
120, 1, eco2, 1, 10, 13.7, 1.9, 0, 0.15, 0.15, 0.28, 0, 
120, 1, eco3, 2, 9902, 15.3, 5.2, 0, 5.3, 5.3, 0.29, 0.01, 
120, 1, eco4, 3, 6583, 14.4, 4, 0, 3.04, 3.04, 0.29, 0, 
120, 1, eco5, 4, 14637, 19.6, 3, 0, 2.43, 2.43, 0.29, 0, 
120, 2, eco2, 1, 10, 7.5, 2.4, 0, 0.15, 0.15, 0.27, 0, 
120, 2, eco3, 2, 9902, 13, 6, 0, 5.54, 5.54, 0.28, 0.05, 
120, 2, eco4, 3, 6583, 10.3, 4.7, 0, 3.17, 3.17, 0.28, 0.01, 
120, 2, eco5, 4, 14637, 15.5, 3.5, 0, 2.51, 2.51, 0.29, 0.04, 
120, 3, eco2, 1, 10, 7.8, 2.9, 0, 0.16, 0.16, 0.28, 0, 
120, 3, eco3, 2, 9902, 10.4, 6.8, 0, 5.84, 5.84, 0.28, 0.05, 
120, 3, eco4, 3, 6583, 9.7, 5.1, 0, 3.24, 3.24, 0.28, 0.04, 
120, 3, eco5, 4, 14637, 13.9, 4, 0, 2.59, 2.59, 0.28, 0.13, 
120, 4, eco2, 1, 10, 7.7, 11.9, 0, 0.29, 0.29, 0.27, 0.07, 
120, 4, eco3, 2, 9902, 9.5, 15.4, 0.49, 10.26, 9.78, 0.28, 0.05, 
120, 4, eco4, 3, 6583, 8.1, 13.9, 0.62, 5.88, 5.26, 0.28, 0.06, 
120, 4, eco5, 4, 14637, 11.4, 12.7, 0.57, 4.58, 4, 0.28, 0.18, 
120, 5, eco2, 1, 10, 9.4, 14, 0, 0.32, 0.32, 0.28, 0, 
120, 5, eco3, 2, 9902, 11.8, 16.7, 0.55, 11.09, 10.54, 0.28, 0, 
120, 5, eco4, 3, 6583, 12.1, 15.7, 0.86, 6.54, 5.68, 0.28, 0.01, 
120, 5, eco5, 4, 14637, 15.9, 14.1, 1.4, 4.99, 3.59, 0.29, 0.02, 
120, 6, eco2, 1, 10, 9.2, 18.4, 0.11, 0.41, 0.31, 0.28, 0, 
120, 6, eco3, 2, 9902, 14.6, 21, 4.61, 14.34, 9.73, 0.29, 0.02, 
120, 6, eco4, 3, 6583, 12.9, 20.1, 2.18, 8.53, 6.35, 0.28, 0.01, 
120, 6, eco5, 4, 14637, 18.1, 18.4, 2.42, 6.51, 4.1, 0.29, 0.08, 
130, 7, eco2, 1, 10, 11.8, 19.6, 0.6, 0.59, -0.01, 0.28, 0, 
130, 7, eco3, 2, 9902, 10.7, 23.1, 38.15, 11.46, -26.69, 0.28, 0, 
130, 7, eco4, 3, 6583, 10.4, 21.7, 13.12, 6.2, -6.92, 0.28, 0, 
130, 7, eco5, 4, 14637, 13, 20.1, 3.32, 4.65, 1.34, 0.28, 0, 
130, 8, eco2, 1, 10, 19.3, 19.4, 1.28, 0.61, -0.68, 0.29, 0.04, 
130, 8, eco3, 2, 9902, 17.8, 22.3, 79.3, 11.69, -67.61, 0.29, 0.01, 
130, 8, eco4, 3, 6583, 17.1, 21.2, 16.84, 6.36, -10.48, 0.29, 0.02, 
130, 8, eco5, 4, 14637, 18.7, 19.4, 2.25, 4.41, 2.16, 0.29, 0.01, 
130, 9, eco2, 1, 10, 12.9, 15.6, 0.03, 0.48, 0.45, 0.28, 0, 
130, 9, eco3, 2, 9902, 18.4, 19, 0.69, 10.3, 9.61, 0.29, 0.02, 
130, 9, eco4, 3, 6583, 14.8, 17.7, 0.44, 5.28, 4.83, 0.29, 0.01, 
130, 9, eco5, 4, 14637, 20.9, 16.2, 0.53, 3.55, 3.02, 0.3, 0.06, 
130, 10, eco2, 1, 10, 4.2, 10.7, 0, 0.35, 0.35, 0.27, 0, 
130, 10, eco3, 2, 9902, 4, 13.7, 0.07, 7.23, 7.17, 0.27, 0, 
130, 10, eco4, 3, 6583, 4.1, 12.7, 0.11, 3.77, 3.67, 0.27, 0, 
130, 10, eco5, 4, 14637, 5.2, 11.7, 0.05, 2.59, 2.54, 0.27, 0, 
130, 11, eco2, 1, 10, 12.2, 3.1, 0, 0.21, 0.21, 0.28, 0, 
130, 11, eco3, 2, 9902, 12.3, 7.1, 0, 4.64, 4.64, 0.28, 0, 
130, 11, eco4, 3, 6583, 12.5, 5.7, 0, 2.34, 2.34, 0.28, 0, 
130, 11, eco5, 4, 14637, 16, 4.9, 0, 1.59, 1.59, 0.29, 0, 
130, 12, eco2, 1, 10, 11.9, 1.8, 0, 0.19, 0.19, 0.28, 0, 
130, 12, eco3, 2, 9902, 17.3, 4.9, 0, 3.99, 3.99, 0.29, 0.01, 
130, 12, eco4, 3, 6583, 14.1, 3.8, 0, 2.07, 2.07, 0.29, 0, 
130, 12, eco5, 4, 14637, 21.1, 3, 0, 1.4, 1.4, 0.3, 0.01, 
130, 1, eco2, 1, 10, 17.7, -0.8, 0, 0.01, 0.01, 0.29, 0, 
130, 1, eco3, 2, 9902, 26, 1.8, 0, 3.31, 3.31, 0.3, 0.05, 
130, 1, eco4, 3, 6583, 22.1, 0.7, 0, 1.71, 1.71, 0.3, 0.04, 
130, 1, eco5, 4, 14637, 32, -0.3, 0, 0.04, 0.04, 0.31, 0.04, 
130, 2, eco2, 1, 10, 7.9, 0.2, 0, 0.17, 0.17, 0.28, 0.03, 
130, 2, eco3, 2, 9902, 10.8, 3.7, 0, 3.67, 3.67, 0.28, 0.1, 
130, 2, eco4, 3, 6583, 9.1, 2, 0, 1.84, 1.84, 0.28, 0.07, 
130, 2, eco5, 4, 14637, 12.4, 1.1, 0, 1.25, 1.25, 0.28, 0.16, 
130, 3, eco2, 1, 10, 9.7, 2.7, 0, 0.2, 0.2, 0.28, 0.09, 
130, 3, eco3, 2, 9902, 17.8, 6.1, 0, 4.27, 4.27, 0.29, 0.14, 
130, 3, eco4, 3, 6583, 14, 4.6, 0, 2.16, 2.16, 0.28, 0.13, 
130, 3, eco5, 4, 14637, 19.7, 3.5, 0, 1.45, 1.45, 0.29, 0.21, 
130, 4, eco2, 1, 10, 5.5, 8.3, 0, 0.29, 0.29, 0.27, 0.09, 
130, 4, eco3, 2, 9902, 9.4, 11.7, 0.01, 6.16, 6.14, 0.28, 0.11, 
130, 4, eco4, 3, 6583, 8.3, 10.2, 0, 3.12, 3.11, 0.28, 0.12, 
130, 4, eco5, 4, 14637, 11.6, 9.1, 0, 2.1, 2.1, 0.28, 0.21, 
130, 5, eco2, 1, 10, 14.7, 15.6, 0.11, 0.47, 0.36, 0.29, 0.06, 
130, 5, eco3, 2, 9902, 12.5, 19, 0.68, 9.76, 9.08, 0.28, 0.02, 
130, 5, eco4, 3, 6583, 13.7, 17.7, 0.65, 5.03, 4.38, 0.28, 0.04, 
130, 5, eco5, 4, 14637, 17.3, 16.3, 0.63, 3.49, 2.86, 0.29, 0.12, 
130, 6, eco2, 1, 10, 10.5, 18.3, 0.67, 0.54, -0.14, 0.28, 0, 
130, 6, eco3, 2, 9902, 13, 21, 4.84, 10.83, 5.99, 0.28, 0, 
130, 6, eco4, 3, 6583, 11, 20, 1.87, 5.65, 3.78, 0.28, 0, 
130, 6, eco5, 4, 14637, 15.2, 18.2, 0.79, 3.91, 3.12, 0.29, 0.01, 
140, 7, eco2, 1, 10, 11.5, 20.4, 4.6, 1.19, -3.41, 0.28, 0, 
140, 7, eco3, 2, 9902, 14.3, 22.9, 105.09, 9.84, -95.25, 0.29, 0, 
140, 7, eco4, 3, 6583, 13.9, 22, 72.85, 6.65, -66.2, 0.28, 0, 
140, 7, eco5, 4, 14637, 16.9, 20.1, 4.76, 4.35, -0.4, 0.29, 0.01, 
140, 8, eco2, 1, 10, 9, 19, 2.45, 1.06, -1.39, 0.28, 0, 
140, 8, eco3, 2, 9902, 11.5, 21.7, 50.3, 8.98, -41.32, 0.28, 0, 
140, 8, eco4, 3, 6583, 10.4, 20.8, 8.64, 6, -2.64, 0.28, 0, 
140, 8, eco5, 4, 14637, 11.8, 19.1, 2.25, 4.02, 1.77, 0.28, 0, 
140, 9, eco2, 1, 10, 29.5, 17.2, 2.34, 1.11, -1.23, 0.31, 0.08, 
140, 9, eco3, 2, 9902, 41.2, 19.7, 1.64, 9.35, 7.71, 0.33, 0.09, 
140, 9, eco4, 3, 6583, 30.8, 18.8, 0.71, 6.24, 5.53, 0.31, 0.08, 
140, 9, eco5, 4, 14637, 37.8, 17.4, 0.83, 3.66, 2.83, 0.32, 0.15, 
140, 10, eco2, 1, 10, 7.2, 13.4, 0, 0.87, 0.87, 0.27, 0, 
140, 10, eco3, 2, 9902, 4.6, 16, 0.19, 7.29, 7.09, 0.27, 0, 
140, 10, eco4, 3, 6583, 6.1, 15.1, 0.3, 4.91, 4.61, 0.27, 0, 
140, 10, eco5, 4, 14637, 5.8, 14.2, 0.51, 2.97, 2.46, 0.27, 0, 
140, 11, eco2, 1, 10, 9.2, 9, 0, 0.64, 0.64, 0.28, 0, 
140, 11, eco3, 2, 9902, 18.3, 11.3, 0.02, 5.46, 5.44, 0.29, 0.02, 
140, 11, eco4, 3, 6583, 14.5, 10.4, 0.01, 3.63, 3.63, 0.29, 0.01, 
140, 11, eco5, 4, 14637, 19.5, 9.5, 0, 2.2, 2.2, 0.29, 0.02, 
140, 12, eco2, 1, 10, 8.7, 1.7, 0, 0.39, 0.39, 0.28, 0, 
140, 12, eco3, 2, 9902, 15.2, 4.2, 0, 3.51, 3.51, 0.29, 0, 
140, 12, eco4, 3, 6583, 11.7, 3.1, 0, 2.3, 2.3, 0.28, 0, 
140, 12, eco5, 4, 14637, 16.2, 2.2, 0, 1.4, 1.4, 0.29, 0, 
140, 1, eco2, 1, 10, 4.7, -0.3, 0, 0.01, 0.01, 0.27, 0, 
140, 1, eco3, 2, 9902, 6.2, 3.4, 0, 3.32, 3.32, 0.27, 0, 
140, 1, eco4, 3, 6583, 5.8, 1.8, 0, 2.13, 2.13, 0.27, 0, 
140, 1, eco5, 4, 14637, 7.6, 1.2, 0, 1.33, 1.33, 0.27, 0, 
140, 2, eco2, 1, 10, 8.7, 0.4, 0, 0.36, 0.36, 0.28, 0, 
140, 2, eco3, 2, 9902, 12.8, 3.6, 0, 3.36, 3.36, 0.28, 0.01, 
140, 2, eco4, 3, 6583, 10.2, 2.5, 0, 2.22, 2.22, 0.28, 0, 
140, 2, eco5, 4, 14637, 12.5, 1.7, 0, 1.36, 1.36, 0.28, 0, 
140, 3, eco2, 1, 10, 4.4, 7, 0, 0.56, 0.56, 0.27, 0, 
140, 3, eco3, 2, 9902, 5.3, 10.4, 0, 5.1, 5.1, 0.27, 0.04, 
140, 3, eco4, 3, 6583, 6.8, 9.1, 0, 3.31, 3.31, 0.27, 0.04, 
140, 3, eco5, 4, 14637, 8.1, 7.9, 0, 1.98, 1.98, 0.28, 0.08, 
140, 4, eco2, 1, 10, 13, 10.2, 0, 0.68, 0.68, 0.28, 0.07, 
140, 4, eco3, 2, 9902, 10.3, 13.2, 0.1, 6.06, 5.96, 0.28, 0, 
140, 4, eco4, 3, 6583, 10.5, 11.9, 0.07, 3.92, 3.85, 0.28, 0.03, 
140, 4, eco5, 4, 14637, 11.4, 10.7, 0.01, 2.33, 2.31, 0.28, 0.1, 
140, 5, eco2, 1, 10, 9, 17.5, 1.3, 1.09, -0.21, 0.28, 0, 
140, 5, eco3, 2, 9902, 9.2, 19.5, 1.03, 8.9, 7.87, 0.28, 0, 
140, 5, eco4, 3, 6583, 9.2, 18.8, 0.97, 5.95, 4.98, 0.28, 0, 
140, 5, eco5, 4, 14637, 10.4, 16.9, 0.93, 3.43, 2.49, 0.28, 0, 
140, 6, eco2, 1, 10, 20.2, 19.2, 4.01, 1.2, -2.81, 0.29, 0.05, 
140, 6, eco3, 2, 9902, 17.8, 21.8, 21.06, 10.19, -10.87, 0.29, 0.02, 
140, 6, eco4, 3, 6583, 17.1, 20.9, 5.9, 6.72, 0.82, 0.29, 0.03, 
140, 6, eco5, 4, 14637, 18, 19.2, 1.61, 3.9, 2.28, 0.29, 0.02, 
150, 7, eco2, 1, 10, 16.5, 22, 31.9, 2.28, -29.62, 0.29, 0.03, 
150, 7, eco3, 2, 9902, 27.9, 23.9, 81, 15.88, -65.11, 0.31, 0.05, 
150, 7, eco4, 3, 6583, 20.8, 23.2, 85.01, 12.21, -72.8, 0.3, 0.02, 
150, 7, eco5, 4, 14637, 25.2, 21.4, 28.22, 5.13, -23.08, 0.3, 0.1, 
150, 8, eco2, 1, 10, 9.4, 21.8, 20.89, 1.83, -19.06, 0.28, 0, 
150, 8, eco3, 2, 9902, 17.4, 23.7, 135.17, 15.26, -119.91, 0.29, 0, 
150, 8, eco4, 3, 6583, 14.9, 23.1, 173.96, 11.71, -162.25, 0.29, 0, 
150, 8, eco5, 4, 14637, 19.5, 21.2, 25.46, 5.01, -20.45, 0.29, 0.01, 
150, 9, eco2, 1, 10, 2.8, 18.7, 0, 1.06, 1.06, 0.27, 0, 
150, 9, eco3, 2, 9902, 3.2, 21.3, 12.14, 11.15, -0.99, 0.27, 0, 
150, 9, eco4, 3, 6583, 3.6, 20.3, 1.65, 9.09, 7.44, 0.27, 0, 
150, 9, eco5, 4, 14637, 4.8, 18.7, 1.25, 4.46, 3.21, 0.27, 0, 
150, 10, eco2, 1, 10, 8.6, 12.8, 0, 1.52, 1.52, 0.28, 0, 
150, 10, eco3, 2, 9902, 7, 15.6, 0.17, 10.34, 10.17, 0.27, 0, 
150, 10, eco4, 3, 6583, 6.9, 14.4, 0.37, 8.11, 7.74, 0.27, 0, 
150, 10, eco5, 4, 14637, 6.6, 13.4, 0.55, 3.29, 2.74, 0.27, 0, 
150, 11, eco2, 1, 10, 10.9, 7.3, 0, 1.07, 1.07, 0.28, 0, 
150, 11, eco3, 2, 9902, 12.1, 10.1, 0, 7.26, 7.26, 0.28, 0, 
150, 11, eco4, 3, 6583, 10.9, 8.9, 0, 5.74, 5.74, 0.28, 0, 
150, 11, eco5, 4, 14637, 14.2, 7.9, 0, 2.33, 2.33, 0.29, 0, 
150, 12, eco2, 1, 10, 9.4, 0.5, 0, 0.71, 0.71, 0.28, 0, 
150, 12, eco3, 2, 9902, 13.8, 3.1, 0, 4.73, 4.73, 0.28, 0, 
150, 12, eco4, 3, 6583, 10.6, 1.9, 0, 3.73, 3.73, 0.28, 0, 
150, 12, eco5, 4, 14637, 14.7, 1.2, 0, 1.55, 1.55, 0.29, 0, 
150, 1, eco2, 1, 10, 8.2, 2.9, 0, 0.82, 0.82, 0.28, 0, 
150, 1, eco3, 2, 9902, 6.9, 6, 0, 5.61, 5.61, 0.27, 0, 
150, 1, eco4, 3, 6583, 6.7, 4.8, 0, 4.43, 4.43, 0.27, 0, 
150, 1, eco5, 4, 14637, 8.3, 3.9, 0, 1.82, 1.82, 0.28, 0, 
150, 2, eco2, 1, 10, 5, 2.9, 0, 0.82, 0.82, 0.27, 0, 
150, 2, eco3, 2, 9902, 10.3, 6, 0, 5.61, 5.61, 0.28, 0.03, 
150, 2, eco4, 3, 6583, 8.3, 4.8, 0, 4.41, 4.41, 0.28, 0, 
150, 2, eco5, 4, 14637, 11.5, 3.7, 0, 1.8, 1.8, 0.28, 0.01, 
150, 3, eco2, 1, 10, 12.1, 3.8, 0, 0.86, 0.86, 0.28, 0, 
150, 3, eco3, 2, 9902, 15, 7.2, 0, 6.02, 6.02, 0.29, 0.05, 
150, 3, eco4, 3, 6583, 12.4, 5.9, 0, 4.72, 4.72, 0.28, 0.01, 
150, 3, eco5, 4, 14637, 15.5, 4.9, 0, 1.93, 1.93, 0.29, 0.03, 
150, 4, eco2, 1, 10, 11.2, 10.5, 0, 1.3, 1.3, 0.28, 0.08, 
150, 4, eco3, 2, 9902, 12.2, 13.1, 0.13, 8.6, 8.47, 0.28, 0.04, 
150, 4, eco4, 3, 6583, 11.6, 12.1, 0.12, 6.85, 6.74, 0.28, 0.05, 
150, 4, eco5, 4, 14637, 13.2, 10.7, 0.02, 2.74, 2.73, 0.28, 0.15, 
150, 5, eco2, 1, 10, 8, 13.6, 0, 1.56, 1.56, 0.28, 0, 
150, 5, eco3, 2, 9902, 8.5, 16.3, 0.61, 10.49, 9.89, 0.28, 0, 
150, 5, eco4, 3, 6583, 8.2, 15.2, 0.83, 8.27, 7.44, 0.28, 0, 
150, 5, eco5, 4, 14637, 10.5, 13.7, 0.66, 3.3, 2.64, 0.28, 0, 
150, 6, eco2, 1, 10, 10.9, 19.1, 0.15, 2.13, 1.98, 0.28, 0, 
150, 6, eco3, 2, 9902, 23.9, 21, 5.47, 13.85, 8.39, 0.3, 0.08, 
150, 6, eco4, 3, 6583, 15.6, 20.4, 3.61, 11.29, 7.67, 0.29, 0.02, 
150, 6, eco5, 4, 14637, 22.4, 18.7, 1.71, 4.47, 2.77, 0.3, 0.11, 
160, 7, eco2, 1, 10, 37.5, 20.8, 4.28, 2.54, -1.74, 0.32, 0.1, 
160, 7, eco3, 2, 9902, 33.3, 22.5, 96.78, 18.76, -78.02, 0.32, 0.07, 
160, 7, eco4, 3, 6583, 30.2, 21.8, 58.59, 13.15, -45.45, 0.31, 0.08, 
160, 7, eco5, 4, 14637, 31.3, 19.9, 5.92, 5.48, -0.44, 0.31, 0.12, 
160, 8, eco2, 1, 10, 13.3, 19.5, 0.48, 2.25, 1.77, 0.28, 0, 
160, 8, eco3, 2, 9902, 17.6, 21.7, 79.38, 17.45, -61.94, 0.29, 0.01, 
160, 8, eco4, 3, 6583, 12.9, 20.9, 15.69, 11.98, -3.72, 0.28, 0, 
160, 8, eco5, 4, 14637, 13.3, 19.1, 3.76, 5.16, 1.39, 0.28, 0, 
160, 9, eco2, 1, 10, 6.5, 17, 0, 1.87, 1.87, 0.27, 0, 
160, 9, eco3, 2, 9902, 10, 19.9, 2.3, 16.61, 14.31, 0.28, 0, 
160, 9, eco4, 3, 6583, 9.3, 18.9, 0.86, 11.02, 10.16, 0.28, 0, 
160, 9, eco5, 4, 14637, 12.5, 17.5, 1.64, 4.65, 3.01, 0.28, 0, 
160, 10, eco2, 1, 10, 4.5, 11.7, 0, 1.4, 1.4, 0.27, 0, 
160, 10, eco3, 2, 9902, 4.8, 14.2, 0.2, 11.61, 11.4, 0.27, 0, 
160, 10, eco4, 3, 6583, 3.7, 13.3, 0.48, 7.76, 7.29, 0.27, 0, 
160, 10, eco5, 4, 14637, 4.2, 12.2, 0.32, 3.34, 3.02, 0.27, 0, 
160, 11, eco2, 1, 10, 9.5, 4.6, 0, 0.91, 0.91, 0.28, 0, 
160, 11, eco3, 2, 9902, 13.7, 7.5, 0, 7.57, 7.57, 0.28, 0, 
160, 11, eco4, 3, 6583, 11.1, 6.2, 0, 5.02, 5.02, 0.28, 0, 
160, 11, eco5, 4, 14637, 15.1, 5.4, 0, 2.18, 2.18, 0.29, 0, 
160, 12, eco2, 1, 10, 14.7, 3.3, 0, 0.84, 0.84, 0.29, 0, 
160, 12, eco3, 2, 9902, 25.1, 5.7, 0, 6.76, 6.76, 0.3, 0.03, 
160, 12, eco4, 3, 6583, 18.6, 4.6, 0, 4.52, 4.52, 0.29, 0.01, 
160, 12, eco5, 4, 14637, 26.4, 4, 0, 2, 2, 0.3, 0.02, 
160, 1, eco2, 1, 10, 18, 2.5, 0, 0.8, 0.8, 0.29, 0.03, 
160, 1, eco3, 2, 9902, 20.2, 5.8, 0, 6.81, 6.81, 0.29, 0.11, 
160, 1, eco4, 3, 6583, 20.2, 4.5, 0, 4.49, 4.49, 0.29, 0.05, 
160, 1, eco5, 4, 14637, 27.1, 3.9, 0, 1.99, 1.99, 0.31, 0.15, 
160, 2, eco2, 1, 10, 14.1, 0.9, 0, 0.73, 0.73, 0.29, 0.08, 
160, 2, eco3, 2, 9902, 19.8, 4.3, 0, 6.17, 6.17, 0.29, 0.03, 
160, 2, eco4, 3, 6583, 16.1, 3, 0, 4.1, 4.1, 0.29, 0.07, 
160, 2, eco5, 4, 14637, 21.8, 2, 0, 1.78, 1.78, 0.3, 0.18, 
160, 3, eco2, 1, 10, 10.3, 1.1, 0, 0.74, 0.74, 0.28, 0.08, 
160, 3, eco3, 2, 9902, 10.4, 4.9, 0, 6.42, 6.42, 0.28, 0.05, 
160, 3, eco4, 3, 6583, 10.6, 3.3, 0, 4.17, 4.17, 0.28, 0.09, 
160, 3, eco5, 4, 14637, 11.9, 2.2, 0, 1.8, 1.8, 0.28, 0.17, 
160, 4, eco2, 1, 10, 14.6, 9.9, 0, 1.26, 1.26, 0.29, 0.12, 
160, 4, eco3, 2, 9902, 20.9, 13, 0.16, 10.47, 10.31, 0.3, 0.13, 
160, 4, eco4, 3, 6583, 17.7, 11.7, 0.11, 6.98, 6.87, 0.29, 0.15, 
160, 4, eco5, 4, 14637, 22.9, 10.5, 0.02, 2.98, 2.96, 0.3, 0.23, 
160, 5, eco2, 1, 10, 20.8, 13.9, 0, 1.6, 1.6, 0.3, 0.06, 
160, 5, eco3, 2, 9902, 17.5, 16.2, 0.5, 12.82, 12.32, 0.29, 0.03, 
160, 5, eco4, 3, 6583, 16.9, 15.5, 1.17, 8.78, 7.61, 0.29, 0.04, 
160, 5, eco5, 4, 14637, 15.8, 14, 1.14, 3.69, 2.55, 0.29, 0.01, 
160, 6, eco2, 1, 10, 15.3, 19.2, 0.29, 2.2, 1.92, 0.29, 0.04, 
160, 6, eco3, 2, 9902, 20.3, 21.6, 31.87, 17.86, -14.01, 0.3, 0.07, 
160, 6, eco4, 3, 6583, 19.9, 20.7, 7.2, 12.1, 4.9, 0.29, 0.07, 
160, 6, eco5, 4, 14637, 22.7, 19.1, 2.65, 5.04, 2.39, 0.3, 0.11, 
170, 7, eco2, 1, 10, 10.8, 20.8, 2.55, 2.76, 0.21, 0.28, 0, 
170, 7, eco3, 2, 9902, 11.3, 23.6, 104.42, 23.9, -80.52, 0.28, 0, 
170, 7, eco4, 3, 6583, 9.4, 22.5, 98.77, 17.06, -81.71, 0.28, 0, 
170, 7, eco5, 4, 14637, 10.2, 20.7, 9.7, 7.67, -2.03, 0.28, 0, 
170, 8, eco2, 1, 10, 3.8, 18.3, 0, 1.27, 1.27, 0.27, 0, 
170, 8, eco3, 2, 9902, 4.6, 21.5, 11.64, 14.52, 2.88, 0.27, 0, 
170, 8, eco4, 3, 6583, 4.5, 20.4, 1.2, 11.15, 9.94, 0.27, 0, 
170, 8, eco5, 4, 14637, 5.2, 18.7, 1.76, 5.92, 4.15, 0.27, 0, 
170, 9, eco2, 1, 10, 9.9, 16.2, 0, 2.41, 2.41, 0.28, 0, 
170, 9, eco3, 2, 9902, 15.9, 19.9, 2.35, 22.71, 20.36, 0.29, 0, 
170, 9, eco4, 3, 6583, 13.8, 18.6, 0.64, 17.04, 16.4, 0.28, 0, 
170, 9, eco5, 4, 14637, 17.6, 17.2, 2.33, 6.48, 4.15, 0.29, 0.01, 
170, 10, eco2, 1, 10, 4.9, 10.7, 0, 1.72, 1.72, 0.27, 0, 
170, 10, eco3, 2, 9902, 15.9, 14, 0.32, 15.5, 15.18, 0.29, 0.02, 
170, 10, eco4, 3, 6583, 10, 12.8, 0.44, 11.71, 11.28, 0.28, 0, 
170, 10, eco5, 4, 14637, 14.6, 11.7, 0.21, 4.55, 4.34, 0.29, 0.01, 
170, 11, eco2, 1, 10, 4.6, 3, 0, 1.07, 1.07, 0.27, 0, 
170, 11, eco3, 2, 9902, 7, 6, 0, 9.38, 9.38, 0.27, 0, 
170, 11, eco4, 3, 6583, 5.7, 5, 0, 7.19, 7.19, 0.27, 0, 
170, 11, eco5, 4, 14637, 8, 3.8, 0, 2.79, 2.79, 0.28, 0, 
170, 12, eco2, 1, 10, 9, 1.7, 0, 0.99, 0.99, 0.28, 0, 
170, 12, eco3, 2, 9902, 11.6, 4.4, 0, 8.46, 8.46, 0.28, 0, 
170, 12, eco4, 3, 6583, 9.2, 3.3, 0, 6.49, 6.49, 0.28, 0, 
170, 12, eco5, 4, 14637, 12.8, 2.5, 0, 2.58, 2.58, 0.28, 0, 
170, 1, eco2, 1, 10, 7.8, 0.1, 0, 0.9, 0.9, 0.28, 0, 
170, 1, eco3, 2, 9902, 15.9, 4, 0, 8.25, 8.25, 0.29, 0.01, 
170, 1, eco4, 3, 6583, 11.9, 2.5, 0, 6.16, 6.16, 0.28, 0, 
170, 1, eco5, 4, 14637, 18.2, 1.6, 0, 2.44, 2.44, 0.29, 0, 
170, 2, eco2, 1, 10, 8.2, 3, 0, 1.07, 1.07, 0.28, 0, 
170, 2, eco3, 2, 9902, 10.7, 6.1, 0, 9.37, 9.37, 0.28, 0.06, 
170, 2, eco4, 3, 6583, 8.3, 5, 0, 7.18, 7.18, 0.28, 0.01, 
170, 2, eco5, 4, 14637, 11.7, 3.8, 0, 2.78, 2.78, 0.28, 0.04, 
170, 3, eco2, 1, 10, 15.8, 7.6, 0, 1.42, 1.42, 0.29, 0.09, 
170, 3, eco3, 2, 9902, 22.7, 11.8, 0.08, 13.23, 13.15, 0.3, 0.15, 
170, 3, eco4, 3, 6583, 22.1, 10.2, 0.01, 9.81, 9.8, 0.3, 0.13, 
170, 3, eco5, 4, 14637, 31.2, 9.1, 0, 3.83, 3.83, 0.31, 0.28, 
170, 4, eco2, 1, 10, 12.5, 7.2, 0, 1.37, 1.37, 0.28, 0.07, 
170, 4, eco3, 2, 9902, 16.8, 11.1, 0.02, 12.59, 12.57, 0.29, 0.08, 
170, 4, eco4, 3, 6583, 14.5, 9.6, 0, 9.41, 9.41, 0.29, 0.05, 
170, 4, eco5, 4, 14637, 19.1, 8.5, 0, 3.68, 3.68, 0.29, 0.13, 
170, 5, eco2, 1, 10, 8.7, 11.4, 0, 1.78, 1.78, 0.28, 0, 
170, 5, eco3, 2, 9902, 10.2, 14.9, 0.54, 15.96, 15.42, 0.28, 0, 
170, 5, eco4, 3, 6583, 9.4, 13.6, 0.78, 12.02, 11.24, 0.28, 0, 
170, 5, eco5, 4, 14637, 13.7, 12.3, 0.41, 4.63, 4.22, 0.28, 0.06, 
170, 6, eco2, 1, 10, 11, 16.7, 0, 2.44, 2.44, 0.28, 0, 
170, 6, eco3, 2, 9902, 17, 19.4, 1.98, 20.91, 18.93, 0.29, 0.04, 
170, 6, eco4, 3, 6583, 16.4, 18.6, 1.96, 16.31, 14.35, 0.29, 0.04, 
170, 6, eco5, 4, 14637, 20.6, 16.9, 2.69, 6.16, 3.47, 0.3, 0.14, 
180, 7, eco2, 1, 10, 7.7, 21.1, 4.68, 2.49, -2.19, 0.27, 0, 
180, 7, eco3, 2, 9902, 7.1, 24.2, 43.88, 25.23, -18.65, 0.27, 0, 
180, 7, eco4, 3, 6583, 8.3, 22.8, 79.5, 20.8, -58.71, 0.28, 0, 
180, 7, eco5, 4, 14637, 9.4, 21.1, 23.84, 7.9, -15.94, 0.28, 0, 
180, 8, eco2, 1, 10, 9.8, 20.6, 2.12, 2.71, 0.58, 0.28, 0, 
180, 8, eco3, 2, 9902, 9.1, 23.1, 108.9, 25.25, -83.65, 0.28, 0, 
180, 8, eco4, 3, 6583, 8, 22, 79.83, 18.79, -61.04, 0.28, 0, 
180, 8, eco5, 4, 14637, 8.3, 20.2, 8.62, 7.2, -1.42, 0.28, 0, 
180, 9, eco2, 1, 10, 3, 19.3, 0.01, 1.44, 1.43, 0.27, 0, 
180, 9, eco3, 2, 9902, 3.8, 21.8, 25.04, 18.72, -6.32, 0.27, 0, 
180, 9, eco4, 3, 6583, 3.8, 20.9, 3.14, 14.63, 11.49, 0.27, 0, 
180, 9, eco5, 4, 14637, 4.7, 19.3, 2.2, 6.45, 4.25, 0.27, 0, 
180, 10, eco2, 1, 10, 4.7, 12.8, 0, 1.89, 1.89, 0.27, 0, 
180, 10, eco3, 2, 9902, 9.1, 15.5, 0.34, 19.46, 19.13, 0.28, 0, 
180, 10, eco4, 3, 6583, 5.4, 14.3, 0.91, 14.53, 13.61, 0.27, 0, 
180, 10, eco5, 4, 14637, 8.9, 13.2, 1.19, 4.98, 3.79, 0.28, 0, 
180, 11, eco2, 1, 10, 3.2, 7.2, 0, 1.37, 1.37, 0.27, 0, 
180, 11, eco3, 2, 9902, 10.5, 10.5, 0.01, 14.06, 14.05, 0.28, 0, 
180, 11, eco4, 3, 6583, 7.6, 9.1, 0, 10.54, 10.53, 0.27, 0, 
180, 11, eco5, 4, 14637, 12.3, 8.2, 0, 3.63, 3.63, 0.28, 0, 
180, 12, eco2, 1, 10, 11.5, 4.8, 0, 1.19, 1.19, 0.28, 0, 
180, 12, eco3, 2, 9902, 12.8, 7.8, 0, 11.8, 11.8, 0.28, 0.02, 
180, 12, eco4, 3, 6583, 13.3, 6.5, 0, 8.92, 8.92, 0.28, 0.01, 
180, 12, eco5, 4, 14637, 17, 5.7, 0, 3.14, 3.14, 0.29, 0.03, 
180, 1, eco2, 1, 10, 21.5, 2.9, 0, 1.05, 1.05, 0.3, 0, 
180, 1, eco3, 2, 9902, 25.6, 5.5, 0, 10.25, 10.25, 0.3, 0.12, 
180, 1, eco4, 3, 6583, 21.6, 4.4, 0, 7.85, 7.85, 0.3, 0.03, 
180, 1, eco5, 4, 14637, 34.1, 3.5, 0, 2.73, 2.73, 0.32, 0.12, 
180, 2, eco2, 1, 10, 14.9, 2.4, 0, 1.02, 1.02, 0.29, 0.03, 
180, 2, eco3, 2, 9902, 21.8, 5.6, 0, 10.31, 10.31, 0.3, 0.12, 
180, 2, eco4, 3, 6583, 16.4, 4.4, 0, 7.8, 7.8, 0.29, 0.05, 
180, 2, eco5, 4, 14637, 22.5, 3.4, 0, 2.72, 2.72, 0.3, 0.17, 
180, 3, eco2, 1, 10, 12.3, 4.2, 0, 1.15, 1.15, 0.28, 0.1, 
180, 3, eco3, 2, 9902, 13.9, 7.4, 0, 11.46, 11.46, 0.28, 0.09, 
180, 3, eco4, 3, 6583, 11.9, 6.3, 0, 8.75, 8.75, 0.28, 0.11, 
180, 3, eco5, 4, 14637, 15.5, 5.2, 0, 3.03, 3.03, 0.29, 0.18, 
180, 4, eco2, 1, 10, 19.1, 10.5, 0, 1.68, 1.68, 0.29, 0.12, 
180, 4, eco3, 2, 9902, 22, 13.2, 0.32, 16.26, 15.95, 0.3, 0.12, 
180, 4, eco4, 3, 6583, 21.2, 12.1, 0.29, 12.46, 12.17, 0.3, 0.12, 
180, 4, eco5, 4, 14637, 25, 10.8, 0.06, 4.28, 4.22, 0.3, 0.22, 
180, 5, eco2, 1, 10, 17.7, 16.3, 0, 2.39, 2.39, 0.29, 0.05, 
180, 5, eco3, 2, 9902, 10.8, 19.3, 1.9, 23.78, 21.88, 0.28, 0, 
180, 5, eco4, 3, 6583, 11.2, 18.1, 2.17, 18.01, 15.83, 0.28, 0, 
180, 5, eco5, 4, 14637, 11.9, 16.7, 3.36, 6.15, 2.79, 0.28, 0, 
180, 6, eco2, 1, 10, 13.4, 19.4, 0.67, 2.86, 2.19, 0.28, 0.01, 
180, 6, eco3, 2, 9902, 12.1, 22.5, 97.31, 28.26, -69.05, 0.28, 0, 
180, 6, eco4, 3, 6583, 14.8, 21.1, 19.26, 21.43, 2.17, 0.29, 0.01, 
180, 6, eco5, 4, 14637, 19, 19.6, 5.13, 7.31, 2.18, 0.29, 0.02, 
190, 7, eco2, 1, 10, 11.9, 19.6, 0.82, 3.78, 2.97, 0.28, 0, 
190, 7, eco3, 2, 9902, 14.4, 22.2, 186.47, 32.68, -153.79, 0.29, 0, 
190, 7, eco4, 3, 6583, 15.1, 21.1, 32.56, 23.41, -9.15, 0.29, 0, 
190, 7, eco5, 4, 14637, 17.3, 19.5, 6.85, 9.05, 2.2, 0.29, 0.01, 
190, 8, eco2, 1, 10, 11.2, 19.1, 0.32, 3.67, 3.34, 0.28, 0, 
190, 8, eco3, 2, 9902, 9.2, 22.1, 106.24, 29.85, -76.39, 0.28, 0, 
190, 8, eco4, 3, 6583, 9.7, 21, 21.89, 21.87, -0.03, 0.28, 0, 
190, 8, eco5, 4, 14637, 10.9, 19.5, 6.95, 8.91, 1.96, 0.28, 0, 
190, 9, eco2, 1, 10, 11, 17.9, 0.01, 3.48, 3.47, 0.28, 0, 
190, 9, eco3, 2, 9902, 11.9, 21, 16.85, 32.88, 16.03, 0.28, 0, 
190, 9, eco4, 3, 6583, 12.6, 19.8, 4.72, 21.81, 17.08, 0.28, 0, 
190, 9, eco5, 4, 14637, 12.4, 18.7, 3.54, 8.48, 4.94, 0.28, 0, 
190, 10, eco2, 1, 10, 14.4, 12.1, 0, 2.42, 2.42, 0.29, 0.02, 
190, 10, eco3, 2, 9902, 14.7, 14.9, 0.3, 22.44, 22.14, 0.29, 0, 
190, 10, eco4, 3, 6583, 13.4, 13.7, 1.01, 14.77, 13.75, 0.28, 0, 
190, 10, eco5, 4, 14637, 17.8, 12.6, 0.94, 5.74, 4.8, 0.29, 0.02, 
190, 11, eco2, 1, 10, 10, 2.9, 0, 1.38, 1.38, 0.28, 0, 
190, 11, eco3, 2, 9902, 11.4, 6.1, 0, 12.95, 12.95, 0.28, 0, 
190, 11, eco4, 3, 6583, 9.1, 4.7, 0, 8.41, 8.41, 0.28, 0, 
190, 11, eco5, 4, 14637, 10.6, 3.9, 0, 3.35, 3.35, 0.28, 0, 
190, 12, eco2, 1, 10, 7.2, 4.5, 0, 1.51, 1.51, 0.27, 0, 
190, 12, eco3, 2, 9902, 10.1, 7, 0, 13.63, 13.63, 0.28, 0.01, 
190, 12, eco4, 3, 6583, 8.4, 5.9, 0, 9.03, 9.03, 0.28, 0, 
190, 12, eco5, 4, 14637, 10.8, 5.3, 0, 3.65, 3.65, 0.28, 0.01, 
190, 1, eco2, 1, 10, 6.1, -3.6, 0, 0.03, 0.03, 0.27, 0, 
190, 1, eco3, 2, 9902, 8.5, -0.6, 0, 0.28, 0.28, 0.28, 0, 
190, 1, eco4, 3, 6583, 7.1, -2, 0, 0.18, 0.18, 0.27, 0, 
190, 1, eco5, 4, 14637, 9.6, -2.9, 0, 0.07, 0.07, 0.28, 0, 
190, 2, eco2, 1, 10, 8.3, 1.4, 0, 1.26, 1.26, 0.28, 0, 
190, 2, eco3, 2, 9902, 10.4, 4.8, 0, 11.9, 11.9, 0.28, 0, 
190, 2, eco4, 3, 6583, 10.1, 3.3, 0, 7.76, 7.76, 0.28, 0, 
190, 2, eco5, 4, 14637, 13.2, 2.4, 0, 3.08, 3.08, 0.28, 0, 
190, 3, eco2, 1, 10, 7, 3.7, 0, 1.45, 1.45, 0.27, 0, 
190, 3, eco3, 2, 9902, 9.2, 6.9, 0, 13.54, 13.54, 0.28, 0.03, 
190, 3, eco4, 3, 6583, 7.7, 5.8, 0, 9, 9, 0.27, 0.01, 
190, 3, eco5, 4, 14637, 9, 4.9, 0, 3.57, 3.57, 0.28, 0.02, 
190, 4, eco2, 1, 10, 9.7, 10.6, 0, 2.2, 2.2, 0.28, 0.08, 
190, 4, eco3, 2, 9902, 14.9, 13.3, 0.42, 20.12, 19.71, 0.29, 0.04, 
190, 4, eco4, 3, 6583, 11.3, 12.2, 0.41, 13.36, 12.95, 0.28, 0.06, 
190, 4, eco5, 4, 14637, 13.6, 11.1, 0.13, 5.21, 5.09, 0.28, 0.15, 
190, 5, eco2, 1, 10, 9.8, 15.8, 0, 3.02, 3.02, 0.28, 0, 
190, 5, eco3, 2, 9902, 11.4, 18.1, 1.34, 27.11, 25.77, 0.28, 0, 
190, 5, eco4, 3, 6583, 10.2, 17.2, 2.59, 18.1, 15.51, 0.28, 0, 
190, 5, eco5, 4, 14637, 12.1, 15.7, 3.83, 6.94, 3.11, 0.28, 0, 
190, 6, eco2, 1, 10, 7.7, 20, 1.15, 3.37, 2.23, 0.27, 0, 
190, 6, eco3, 2, 9902, 13.1, 22.3, 111.8, 34.43, -77.37, 0.28, 0, 
190, 6, eco4, 3, 6583, 11.3, 21.4, 38.99, 22.75, -16.24, 0.28, 0, 
190, 6, eco5, 4, 14637, 13.4, 19.8, 6.58, 8.86, 2.27, 0.28, 0, 
200, 7, eco2, 1, 10, 20.1, 19.7, 1.68, 5.25, 3.57, 0.29, 0.05, 
200, 7, eco3, 2, 9902, 17.1, 22.6, 226.65, 37.36, -189.3, 0.29, 0, 
200, 7, eco4, 3, 6583, 18.1, 21.6, 87.56, 26.84, -60.72, 0.29, 0.02, 
200, 7, eco5, 4, 14637, 19, 20, 10.27, 12.18, 1.91, 0.29, 0.03, 
200, 8, eco2, 1, 10, 8.8, 20.7, 3.86, 4.69, 0.83, 0.28, 0, 
200, 8, eco3, 2, 9902, 8.7, 23.2, 117.19, 33.51, -83.68, 0.28, 0, 
200, 8, eco4, 3, 6583, 9.7, 22.3, 141.59, 25.58, -116.01, 0.28, 0, 
200, 8, eco5, 4, 14637, 11.7, 20.6, 15.68, 12.38, -3.31, 0.28, 0, 
200, 9, eco2, 1, 10, 8.2, 15.8, 0, 3.97, 3.97, 0.28, 0, 
200, 9, eco3, 2, 9902, 13, 18.7, 0.27, 32.14, 31.87, 0.28, 0, 
200, 9, eco4, 3, 6583, 11, 17.6, 0.51, 22.06, 21.55, 0.28, 0, 
200, 9, eco5, 4, 14637, 14.5, 16.2, 3.67, 9.48, 5.82, 0.29, 0, 
200, 10, eco2, 1, 10, 3.2, 9.9, 0, 2.78, 2.78, 0.27, 0, 
200, 10, eco3, 2, 9902, 5.2, 12.5, 0.25, 21.66, 21.42, 0.27, 0, 
200, 10, eco4, 3, 6583, 3.5, 11.4, 0.16, 14.93, 14.77, 0.27, 0, 
200, 10, eco5, 4, 14637, 6, 10.3, 0.03, 6.53, 6.5, 0.27, 0, 
200, 11, eco2, 1, 10, 2.3, 8.1, 0, 2.49, 2.49, 0.27, 0, 
200, 11, eco3, 2, 9902, 4.8, 11.2, 0.06, 19.91, 19.85, 0.27, 0, 
200, 11, eco4, 3, 6583, 3.6, 9.9, 0.01, 13.55, 13.54, 0.27, 0, 
200, 11, eco5, 4, 14637, 5.7, 8.8, 0, 5.94, 5.94, 0.27, 0, 
200, 12, eco2, 1, 10, 8.2, 5.5, 0, 2.12, 2.12, 0.28, 0, 
200, 12, eco3, 2, 9902, 10, 7.9, 0, 16.04, 16.04, 0.28, 0, 
200, 12, eco4, 3, 6583, 9.5, 6.9, 0, 11.24, 11.24, 0.28, 0, 
200, 12, eco5, 4, 14637, 12.9, 6, 0, 4.97, 4.97, 0.28, 0, 
200, 1, eco2, 1, 10, 6.8, -1.3, 0, 0.04, 0.04, 0.27, 0, 
200, 1, eco3, 2, 9902, 11.6, 1.8, 0, 11.17, 11.17, 0.28, 0, 
200, 1, eco4, 3, 6583, 9.6, 0.3, 0, 7.54, 7.54, 0.28, 0, 
200, 1, eco5, 4, 14637, 14, -0.7, 0, 0.11, 0.11, 0.29, 0, 
200, 2, eco2, 1, 10, 6.9, 4.2, 0, 1.95, 1.95, 0.27, 0, 
200, 2, eco3, 2, 9902, 9.9, 7.1, 0, 15.25, 15.25, 0.28, 0.03, 
200, 2, eco4, 3, 6583, 9.8, 6, 0, 10.59, 10.59, 0.28, 0, 
200, 2, eco5, 4, 14637, 13.8, 4.9, 0, 4.67, 4.67, 0.28, 0.02, 
200, 3, eco2, 1, 10, 10.3, 2.9, 0, 1.8, 1.8, 0.28, 0, 
200, 3, eco3, 2, 9902, 16, 7, 0, 15.16, 15.16, 0.29, 0.06, 
200, 3, eco4, 3, 6583, 12.5, 5.3, 0, 10.14, 10.14, 0.28, 0.01, 
200, 3, eco5, 4, 14637, 15.2, 4.4, 0, 4.52, 4.52, 0.29, 0.04, 
200, 4, eco2, 1, 10, 4.4, 11.6, 0, 3.07, 3.07, 0.27, 0.02, 
200, 4, eco3, 2, 9902, 4.3, 14.5, 0.87, 24.13, 23.25, 0.27, 0, 
200, 4, eco4, 3, 6583, 5.2, 13.4, 1.29, 16.62, 15.33, 0.27, 0.03, 
200, 4, eco5, 4, 14637, 6.2, 12.1, 0.64, 7.25, 6.6, 0.27, 0.13, 
200, 5, eco2, 1, 10, 14.9, 15.4, 0, 3.84, 3.84, 0.29, 0.06, 
200, 5, eco3, 2, 9902, 10.8, 17.7, 1.32, 29.26, 27.94, 0.28, 0, 
200, 5, eco4, 3, 6583, 10.5, 16.9, 2.58, 20.53, 17.95, 0.28, 0, 
200, 5, eco5, 4, 14637, 12.8, 15.2, 4.13, 8.74, 4.61, 0.28, 0.01, 
200, 6, eco2, 1, 10, 10.6, 18.6, 0.11, 4.56, 4.45, 0.28, 0, 
200, 6, eco3, 2, 9902, 13.5, 20.8, 10.82, 34.8, 23.98, 0.28, 0, 
200, 6, eco4, 3, 6583, 12.5, 19.9, 5.52, 24.32, 18.8, 0.28, 0, 
200, 6, eco5, 4, 14637, 13.8, 18, 4.75, 10.37, 5.61, 0.28, 0.01, 
